[2026-04-28T14:33:54.824Z] [INFO] ✅ Database connected successfully 
[2026-04-29T18:33:54.226Z] [INFO] GET /api/reports/sales 404 - 23ms 
[2026-04-29T18:33:54.309Z] [INFO] GET /api/reports/sales 404 - 0ms 
[2026-04-29T18:33:54.312Z] [INFO] GET /api/reports/kpis 404 - 0ms 
[2026-04-29T18:33:55.245Z] [INFO] GET /api/reports/sales 404 - 1ms 
[2026-04-29T18:33:55.314Z] [INFO] GET /api/reports/sales 404 - 0ms 
[2026-04-29T18:33:55.319Z] [INFO] GET /api/reports/kpis 404 - 1ms 
[2026-04-29T18:33:55.826Z] [INFO] GET /api/customers?page=1 404 - 0ms 
[2026-04-29T18:33:57.276Z] [INFO] GET /api/reports/sales 404 - 1ms 
[2026-04-29T18:33:57.341Z] [INFO] GET /api/reports/sales 404 - 1ms 
[2026-04-29T18:33:57.343Z] [INFO] GET /api/reports/kpis 404 - 0ms 
[2026-04-29T18:34:44.967Z] [INFO] GET /api/reports/kpis 404 - 0ms 
[2026-04-29T18:34:44.970Z] [INFO] GET /api/reports/sales 404 - 1ms 
[2026-04-29T18:34:44.973Z] [INFO] GET /api/reports/sales 404 - 1ms 
[2026-04-29T18:37:23.567Z] [INFO] GET /api/reports/kpis 404 - 1ms 
[2026-04-29T18:37:23.573Z] [INFO] GET /api/reports/sales 404 - 1ms 
[2026-04-29T18:37:23.575Z] [INFO] GET /api/reports/sales 404 - 1ms 
[2026-04-29T18:43:34.781Z] [INFO] GET /api/reports/sales 404 - 1ms 
[2026-04-29T18:43:34.784Z] [INFO] GET /api/reports/sales 404 - 1ms 
[2026-04-29T18:43:34.787Z] [INFO] GET /api/reports/kpis 404 - 1ms 
[2026-04-29T18:43:35.793Z] [INFO] GET /api/reports/sales 404 - 0ms 
[2026-04-29T18:43:35.797Z] [INFO] GET /api/reports/sales 404 - 1ms 
[2026-04-29T18:43:35.800Z] [INFO] GET /api/reports/kpis 404 - 1ms 
[2026-04-29T18:43:35.957Z] [INFO] GET /api/customers?page=1 404 - 0ms 
[2026-04-29T18:43:36.399Z] [INFO] GET /api/products?page=1 404 - 0ms 
[2026-04-29T18:43:37.806Z] [INFO] GET /api/reports/sales 404 - 1ms 
[2026-04-29T18:43:37.808Z] [INFO] GET /api/reports/kpis 404 - 1ms 
[2026-04-29T18:43:37.810Z] [INFO] GET /api/reports/sales 404 - 0ms 
[2026-04-29T18:43:47.949Z] [INFO] GET /api/reports/kpis 404 - 1ms 
[2026-04-29T18:43:47.951Z] [INFO] GET /api/reports/sales 404 - 0ms 
[2026-04-29T18:43:47.954Z] [INFO] GET /api/reports/sales 404 - 1ms 
[2026-04-29T18:43:49.136Z] [INFO] GET /api/products?page=1 404 - 1ms 
[2026-04-29T18:43:49.757Z] [INFO] GET /api/customers?page=1 404 - 1ms 
[2026-04-29T18:43:50.786Z] [INFO] GET /api/customers?page=1 404 - 1ms 
[2026-04-29T18:43:51.216Z] [INFO] GET /api/customers?limit=1 404 - 0ms 
[2026-04-29T18:43:52.795Z] [INFO] GET /api/customers?page=1 404 - 1ms 
[2026-04-29T18:43:56.807Z] [INFO] GET /api/customers?page=1 404 - 0ms 
[2026-04-29T18:43:57.466Z] [INFO] GET /api/products?page=1 404 - 0ms 
[2026-04-29T18:43:58.476Z] [INFO] GET /api/products?page=1 404 - 1ms 
[2026-04-29T18:43:58.616Z] [INFO] GET /api/orders?page=1&limit=20 404 - 0ms 
[2026-04-29T18:43:59.071Z] [INFO] GET /api/inventory 404 - 1ms 
[2026-04-29T18:43:59.073Z] [INFO] GET /api/inventory/movements 404 - 1ms 
[2026-04-29T18:43:59.076Z] [INFO] GET /api/inventory/alerts/low-stock 404 - 1ms 
[2026-04-29T18:43:59.488Z] [INFO] GET /api/pricing/price-lists 404 - 1ms 
[2026-04-29T18:43:59.489Z] [INFO] GET /api/pricing/history 404 - 0ms 
[2026-04-29T18:44:00.409Z] [INFO] GET /api/reports/kpis 404 - 1ms 
[2026-04-29T18:44:00.411Z] [INFO] GET /api/reports/sales 404 - 1ms 
[2026-04-29T18:44:00.413Z] [INFO] GET /api/reports/inventory 404 - 1ms 
[2026-04-29T18:44:01.419Z] [INFO] GET /api/reports/kpis 404 - 1ms 
[2026-04-29T18:44:01.421Z] [INFO] GET /api/reports/sales 404 - 1ms 
[2026-04-29T18:44:01.422Z] [INFO] GET /api/reports/inventory 404 - 0ms 
[2026-04-29T18:44:03.431Z] [INFO] GET /api/reports/kpis 404 - 1ms 
[2026-04-29T18:44:03.436Z] [INFO] GET /api/reports/sales 404 - 2ms 
[2026-04-29T18:44:03.440Z] [INFO] GET /api/reports/inventory 404 - 2ms 
[2026-04-29T18:44:07.447Z] [INFO] GET /api/reports/kpis 404 - 0ms 
[2026-04-29T18:44:07.448Z] [INFO] GET /api/reports/sales 404 - 0ms 
[2026-04-29T18:44:07.461Z] [INFO] GET /api/reports/inventory 404 - 9ms 
[2026-04-29T18:44:19.909Z] [INFO] GET /api/inventory 404 - 0ms 
[2026-04-29T18:44:19.911Z] [INFO] GET /api/inventory/movements 404 - 1ms 
[2026-04-29T18:44:19.913Z] [INFO] GET /api/inventory/alerts/low-stock 404 - 1ms 
[2026-04-29T18:44:20.366Z] [INFO] GET /api/orders?page=1&limit=20 404 - 0ms 
[2026-04-29T18:44:20.987Z] [INFO] GET /api/products?page=1 404 - 1ms 
[2026-04-29T18:44:21.319Z] [INFO] GET /api/customers?page=1 404 - 0ms 
[2026-04-29T18:44:21.993Z] [INFO] GET /api/reports/sales 404 - 0ms 
[2026-04-29T18:44:21.995Z] [INFO] GET /api/reports/kpis 404 - 0ms 
[2026-04-29T18:44:21.997Z] [INFO] GET /api/reports/sales 404 - 0ms 
[2026-04-29T18:44:22.567Z] [INFO] GET /api/customers?page=1 404 - 1ms 
[2026-04-29T18:44:23.580Z] [INFO] GET /api/customers?page=1 404 - 1ms 
[2026-04-29T18:44:25.597Z] [INFO] GET /api/customers?page=1 404 - 1ms 
[2026-04-29T18:44:29.608Z] [INFO] GET /api/customers?page=1 404 - 0ms 
[2026-04-29T18:44:30.950Z] [INFO] POST /api/customers 404 - 0ms 
[2026-04-29T18:44:42.975Z] [INFO] POST /api/customers 404 - 0ms 
[2026-04-29T18:44:46.103Z] [INFO] GET /api/products?page=1 404 - 0ms 
[2026-04-29T18:44:46.581Z] [INFO] GET /api/customers?page=1 404 - 0ms 
[2026-04-29T18:44:47.597Z] [INFO] GET /api/customers?page=1 404 - 0ms 
[2026-04-29T18:44:47.640Z] [INFO] GET /api/reports/sales 404 - 2ms 
[2026-04-29T18:44:47.644Z] [INFO] GET /api/reports/kpis 404 - 1ms 
[2026-04-29T18:44:47.647Z] [INFO] GET /api/reports/sales 404 - 1ms 
[2026-04-29T18:44:48.651Z] [INFO] GET /api/reports/sales 404 - 1ms 
[2026-04-29T18:44:48.654Z] [INFO] GET /api/reports/kpis 404 - 1ms 
[2026-04-29T18:44:48.658Z] [INFO] GET /api/reports/sales 404 - 0ms 
[2026-04-29T18:45:52.200Z] [INFO] GET /api/reports/sales 404 - 1ms 
[2026-04-29T18:45:52.202Z] [INFO] GET /api/reports/sales 404 - 0ms 
[2026-04-29T18:45:52.205Z] [INFO] GET /api/reports/kpis 404 - 1ms 
[2026-04-29T18:45:53.302Z] [INFO] GET /api/reports/sales 404 - 1ms 
[2026-04-29T18:45:53.304Z] [INFO] GET /api/reports/kpis 404 - 1ms 
[2026-04-29T18:45:53.306Z] [INFO] GET /api/reports/sales 404 - 1ms 
[2026-04-29T18:45:55.309Z] [INFO] GET /api/reports/sales 404 - 0ms 
[2026-04-29T18:45:55.310Z] [INFO] GET /api/reports/kpis 404 - 0ms 
[2026-04-29T18:45:55.314Z] [INFO] GET /api/reports/sales 404 - 0ms 
[2026-04-29T18:45:59.339Z] [INFO] GET /api/reports/sales 404 - 1ms 
[2026-04-29T18:45:59.341Z] [INFO] GET /api/reports/kpis 404 - 1ms 
[2026-04-29T18:45:59.342Z] [INFO] GET /api/reports/sales 404 - 0ms 
[2026-04-29T18:46:03.055Z] [INFO] GET /api/customers?page=1 404 - 0ms 
[2026-04-29T18:46:03.719Z] [INFO] GET /api/reports/sales 404 - 0ms 
[2026-04-29T18:46:03.722Z] [INFO] GET /api/reports/kpis 404 - 1ms 
[2026-04-29T18:46:03.728Z] [INFO] GET /api/reports/sales 404 - 1ms 
[2026-04-29T18:46:04.730Z] [INFO] GET /api/reports/sales 404 - 0ms 
[2026-04-29T18:46:04.755Z] [INFO] GET /api/reports/sales 404 - 0ms 
[2026-04-29T18:46:04.759Z] [INFO] GET /api/reports/kpis 404 - 1ms 
[2026-04-29T18:46:06.735Z] [INFO] GET /api/reports/sales 404 - 0ms 
[2026-04-29T18:46:06.769Z] [INFO] GET /api/reports/sales 404 - 1ms 
[2026-04-29T18:46:06.770Z] [INFO] GET /api/reports/kpis 404 - 0ms 
[2026-04-29T18:46:16.188Z] [INFO] GET /api/reports/sales 404 - 0ms 
[2026-04-29T18:46:16.190Z] [INFO] GET /api/reports/kpis 404 - 0ms 
[2026-04-29T18:46:16.192Z] [INFO] GET /api/reports/sales 404 - 0ms 
[2026-04-29T18:46:54.489Z] [INFO] GET /api/reports/sales 404 - 0ms 
[2026-04-29T18:46:54.492Z] [INFO] GET /api/reports/kpis 404 - 1ms 
[2026-04-29T18:46:54.495Z] [INFO] GET /api/reports/sales 404 - 1ms 
[2026-04-29T18:47:00.618Z] [INFO] GET /api/reports/kpis 404 - 0ms 
[2026-04-29T18:47:00.620Z] [INFO] GET /api/reports/sales 404 - 1ms 
[2026-04-29T18:47:00.622Z] [INFO] GET /api/reports/sales 404 - 1ms 
[2026-04-29T18:47:16.074Z] [INFO] GET /api/reports/kpis 404 - 1ms 
[2026-04-29T18:47:16.076Z] [INFO] GET /api/reports/sales 404 - 0ms 
[2026-04-29T18:47:16.078Z] [INFO] GET /api/reports/sales 404 - 0ms 
[2026-04-29T18:47:17.375Z] [INFO] GET /api/customers?page=1 404 - 0ms 
[2026-04-29T18:48:10.244Z] [INFO] GET /api/reports/kpis 404 - 0ms 
[2026-04-29T18:48:10.246Z] [INFO] GET /api/reports/sales 404 - 0ms 
[2026-04-29T18:48:10.248Z] [INFO] GET /api/reports/sales 404 - 1ms 
[2026-04-29T18:49:28.912Z] [INFO] GET /api%22/reports/sales 404 - 0ms 
[2026-04-29T18:49:28.914Z] [INFO] GET /api%22/reports/kpis 404 - 0ms 
[2026-04-29T18:49:28.916Z] [INFO] GET /api%22/reports/sales 404 - 0ms 
[2026-04-29T18:49:30.432Z] [INFO] GET /api%22/reports/kpis 404 - 1ms 
[2026-04-29T18:49:30.436Z] [INFO] GET /api%22/reports/sales 404 - 1ms 
[2026-04-29T18:49:30.439Z] [INFO] GET /api%22/reports/sales 404 - 1ms 
[2026-04-29T18:49:31.830Z] [INFO] GET /api%22/customers?page=1 404 - 0ms 
[2026-04-29T18:49:32.848Z] [INFO] GET /api%22/customers?page=1 404 - 1ms 
[2026-04-29T18:49:32.914Z] [INFO] GET /api%22/reports/sales 404 - 1ms 
[2026-04-29T18:49:32.917Z] [INFO] GET /api%22/reports/kpis 404 - 1ms 
[2026-04-29T18:49:32.920Z] [INFO] GET /api%22/reports/sales 404 - 1ms 
[2026-04-29T18:49:33.927Z] [INFO] GET /api%22/reports/sales 404 - 0ms 
[2026-04-29T18:49:33.928Z] [INFO] GET /api%22/reports/kpis 404 - 0ms 
[2026-04-29T18:49:33.941Z] [INFO] GET /api%22/reports/sales 404 - 0ms 
[2026-04-29T18:49:35.937Z] [INFO] GET /api%22/reports/sales 404 - 0ms 
[2026-04-29T18:49:35.939Z] [INFO] GET /api%22/reports/kpis 404 - 1ms 
[2026-04-29T18:49:35.948Z] [INFO] GET /api%22/reports/sales 404 - 0ms 
[2026-04-29T18:49:39.972Z] [INFO] GET /api%22/reports/sales 404 - 0ms 
[2026-04-29T18:49:39.974Z] [INFO] GET /api%22/reports/sales 404 - 1ms 
[2026-04-29T18:49:39.976Z] [INFO] GET /api%22/reports/kpis 404 - 1ms 
[2026-04-30T15:24:44.040Z] [INFO] ✅ Database connected successfully 
[2026-04-30T15:25:12.020Z] [INFO] GET /api%22/reports/sales 404 - 3ms 
[2026-04-30T15:25:12.022Z] [INFO] GET /api%22/reports/kpis 404 - 0ms 
[2026-04-30T15:25:12.025Z] [INFO] GET /api%22/reports/sales 404 - 1ms 
[2026-04-30T15:25:13.039Z] [INFO] GET /api%22/reports/sales 404 - 1ms 
[2026-04-30T15:25:13.041Z] [INFO] GET /api%22/reports/kpis 404 - 1ms 
[2026-04-30T15:25:13.043Z] [INFO] GET /api%22/reports/sales 404 - 1ms 
[2026-04-30T15:25:15.117Z] [INFO] GET /api%22/reports/sales 404 - 1ms 
[2026-04-30T15:25:15.122Z] [INFO] GET /api%22/reports/kpis 404 - 1ms 
[2026-04-30T15:25:15.124Z] [INFO] GET /api%22/reports/sales 404 - 1ms 
[2026-04-30T15:25:17.007Z] [INFO] GET /api%22/customers?page=1 404 - 0ms 
[2026-04-30T15:25:18.018Z] [INFO] GET /api%22/customers?page=1 404 - 1ms 
[2026-04-30T15:25:18.915Z] [INFO] GET /api%22/products?page=1 404 - 0ms 
[2026-04-30T15:25:19.925Z] [INFO] GET /api%22/products?page=1 404 - 1ms 
[2026-04-30T15:25:20.078Z] [INFO] GET /api%22/reports/sales 404 - 0ms 
[2026-04-30T15:25:20.080Z] [INFO] GET /api%22/reports/kpis 404 - 1ms 
[2026-04-30T15:25:20.081Z] [INFO] GET /api%22/reports/sales 404 - 1ms 
[2026-04-30T15:25:21.106Z] [INFO] GET /api%22/reports/sales 404 - 1ms 
[2026-04-30T15:25:21.111Z] [INFO] GET /api%22/reports/kpis 404 - 1ms 
[2026-04-30T15:25:21.116Z] [INFO] GET /api%22/reports/sales 404 - 2ms 
[2026-04-30T15:25:23.120Z] [INFO] GET /api%22/reports/sales 404 - 1ms 
[2026-04-30T15:25:23.121Z] [INFO] GET /api%22/reports/kpis 404 - 0ms 
[2026-04-30T15:25:23.127Z] [INFO] GET /api%22/reports/sales 404 - 1ms 
[2026-04-30T15:25:27.138Z] [INFO] GET /api%22/reports/sales 404 - 0ms 
[2026-04-30T15:25:27.139Z] [INFO] GET /api%22/reports/kpis 404 - 0ms 
[2026-04-30T15:25:27.141Z] [INFO] GET /api%22/reports/sales 404 - 0ms 
[2026-04-30T15:26:51.675Z] [INFO] GET /api%22/reports/kpis 404 - 1ms 
[2026-04-30T15:26:51.678Z] [INFO] GET /api%22/reports/sales 404 - 1ms 
[2026-04-30T15:26:51.682Z] [INFO] GET /api%22/reports/sales 404 - 1ms 
[2026-04-30T15:26:52.707Z] [INFO] GET /api%22/reports/kpis 404 - 0ms 
[2026-04-30T15:26:52.710Z] [INFO] GET /api%22/reports/sales 404 - 1ms 
[2026-04-30T15:26:52.712Z] [INFO] GET /api%22/reports/sales 404 - 1ms 
[2026-04-30T15:27:00.455Z] [INFO] GET /api%22/reports/kpis 404 - 1ms 
[2026-04-30T15:27:00.650Z] [INFO] GET /api%22/reports/sales 404 - 1ms 
[2026-04-30T15:27:00.653Z] [INFO] GET /api%22/reports/sales 404 - 1ms 
[2026-04-30T15:27:04.465Z] [INFO] GET /api%22/reports/kpis 404 - 0ms 
[2026-04-30T15:27:04.660Z] [INFO] GET /api%22/reports/sales 404 - 0ms 
[2026-04-30T15:27:04.661Z] [INFO] GET /api%22/reports/sales 404 - 0ms 
[2026-04-30T15:27:47.221Z] [INFO] GET /api%22/reports/kpis 404 - 1ms 
[2026-04-30T15:27:47.224Z] [INFO] GET /api%22/reports/sales 404 - 1ms 
[2026-04-30T15:27:47.227Z] [INFO] GET /api%22/reports/sales 404 - 1ms 
[2026-04-30T15:27:48.240Z] [INFO] GET /api%22/reports/kpis 404 - 0ms 
[2026-04-30T15:27:48.242Z] [INFO] GET /api%22/reports/sales 404 - 1ms 
[2026-04-30T15:27:48.243Z] [INFO] GET /api%22/reports/sales 404 - 0ms 
[2026-04-30T15:27:52.090Z] [INFO] POST /api%22/auth/login 404 - 1ms 
[2026-04-30T15:29:36.765Z] [INFO] POST /api%22/auth/login 404 - 1ms 
[2026-04-30T15:31:54.247Z] [INFO] POST /api/auth/login 404 - 1ms 
[2026-04-30T15:32:01.954Z] [INFO] POST /api/auth/login 404 - 0ms 
[2026-04-30T15:32:26.450Z] [INFO] POST /api/auth/login 404 - 0ms 
[2026-04-30T15:34:05.042Z] [INFO] POST /api/auth/login 404 - 1ms 
[2026-04-30T15:36:47.231Z] [INFO] ✅ Database connected successfully 
[2026-04-30T15:40:19.907Z] [INFO] ✅ Database connected successfully 
[2026-04-30T15:40:25.027Z] [INFO] ✅ Database connected successfully 
[2026-04-30T15:40:27.838Z] [INFO] ✅ Database connected successfully 
[2026-04-30T15:40:30.371Z] [INFO] ✅ Database connected successfully 
[2026-04-30T15:41:01.496Z] [INFO] ✅ Database connected successfully 
[2026-04-30T15:41:59.585Z] [INFO] POST /api/auth/login 404 - 4ms 
[2026-04-30T15:43:13.223Z] [INFO] POST /api/v1/auth/login 200 - 740ms 
[2026-04-30T15:43:13.387Z] [INFO] GET /api/v1/reports/sales 200 - 42ms 
[2026-04-30T15:43:13.394Z] [INFO] GET /api/v1/reports/sales 200 - 4ms 
[2026-04-30T15:43:13.531Z] [INFO] GET /api/v1/reports/kpis 200 - 183ms 
[2026-04-30T15:43:15.681Z] [INFO] GET /api/v1/customers?page=1 200 - 86ms 
[2026-04-30T15:43:17.188Z] [INFO] GET /api/v1/products?page=1 200 - 141ms 
[2026-04-30T15:43:17.826Z] [INFO] GET /api/v1/orders?page=1&limit=20 200 - 3ms 
[2026-04-30T15:43:18.368Z] [INFO] GET /api/v1/inventory/movements 200 - 33ms 
[2026-04-30T15:43:18.403Z] [INFO] GET /api/v1/inventory 200 - 70ms 
[2026-04-30T15:43:18.554Z] [INFO] GET /api/v1/inventory/alerts/low-stock 200 - 217ms 
[2026-04-30T15:43:18.882Z] [INFO] GET /api/v1/pricing/price-lists 200 - 11ms 
[2026-04-30T15:43:18.884Z] [INFO] GET /api/v1/pricing/history 200 - 10ms 
[2026-04-30T15:43:19.297Z] [INFO] GET /api/v1/reports/sales 200 - 4ms 
[2026-04-30T15:43:19.300Z] [INFO] GET /api/v1/reports/inventory 200 - 5ms 
[2026-04-30T15:43:19.312Z] [INFO] GET /api/v1/reports/kpis 200 - 21ms 
[2026-05-05T15:30:15.872Z] [INFO] ✅ Database connected successfully 
[2026-05-05T15:31:24.842Z] [INFO] GET /api/v1/reports/sales 401 - 23ms 
[2026-05-05T15:32:12.546Z] [INFO] POST /api/v1/auth/login 200 - 966ms 
[2026-05-05T15:32:12.749Z] [INFO] GET /api/v1/reports/sales 200 - 60ms 
[2026-05-05T15:32:19.770Z] [INFO] GET /api/v1/customers?page=1 200 - 490ms 
[2026-05-05T15:34:57.606Z] [INFO] POST /api/v1/customers 400 - 7ms 
[2026-05-05T15:34:57.656Z] [INFO] POST /api/v1/customers 400 - 6ms 
[2026-05-05T15:35:35.643Z] [INFO] GET /api/v1/customers/11d8540e-51c9-4545-b87a-21a0bbc516c3 200 - 396ms 
[2026-05-05T15:51:46.514Z] [INFO] GET /api/v1/customers?page=1 200 - 257ms 
[2026-05-05T16:15:06.853Z] [INFO] GET /api/v1/customers?page=1 200 - 175ms 
[2026-05-05T16:18:26.091Z] [INFO] ✅ Database connected successfully 
[2026-05-05T16:18:45.063Z] [INFO] GET /api/v1/customers?page=1 200 - 248ms 
[2026-05-05T16:20:59.518Z] [INFO] ✅ Database connected successfully 
[2026-05-05T16:21:01.145Z] [INFO] ✅ Database connected successfully 
[2026-05-05T16:22:05.233Z] [INFO] ✅ Database connected successfully 
[2026-05-05T16:22:07.824Z] [INFO] ✅ Database connected successfully 
[2026-05-05T16:24:50.959Z] [INFO] GET /api/v1/customers?page=1 200 - 1210ms 
[2026-05-05T17:28:07.049Z] [INFO] GET /api/v1/customers?page=1 200 - 931ms 
[2026-05-05T17:28:11.602Z] [INFO] GET /api/v1/customers?page=1 200 - 77ms 
[2026-05-05T17:31:31.773Z] [INFO] GET /api/v1/customers/11d8540e-51c9-4545-b87a-21a0bbc516c3 200 - 276ms 
[2026-05-05T17:36:34.341Z] [INFO] GET /api/v1/reports/sales 200 - 154ms 
[2026-05-05T17:36:37.090Z] [INFO] GET /api/v1/customers?page=1 200 - 272ms 
[2026-05-05T17:36:39.876Z] [INFO] GET /api/v1/products?page=1 200 - 124ms 
[2026-05-05T17:36:42.469Z] [INFO] GET /api/v1/products/bdf9f3ed-8b8f-4f5e-b609-abb40773dca2 200 - 172ms 
[2026-05-05T17:37:21.977Z] [INFO] GET /api/v1/orders?page=1&limit=20 200 - 14ms 
[2026-05-05T17:37:41.786Z] [INFO] GET /api/v1/inventory 200 - 9ms 
[2026-05-05T17:37:41.843Z] [INFO] GET /api/v1/inventory/alerts/low-stock 200 - 8ms 
[2026-05-05T17:37:41.850Z] [INFO] GET /api/v1/inventory/movements 200 - 55ms 
[2026-05-05T17:37:44.850Z] [INFO] GET /api/v1/pricing/history 200 - 11ms 
[2026-05-05T17:37:44.963Z] [INFO] GET /api/v1/pricing/price-lists 200 - 128ms 
[2026-05-05T17:37:52.548Z] [INFO] GET /api/v1/reports/sales 200 - 7ms 
[2026-05-05T17:37:52.551Z] [INFO] GET /api/v1/reports/inventory 200 - 5ms 
[2026-05-05T17:37:52.588Z] [INFO] GET /api/v1/reports/kpis 200 - 45ms 
[2026-05-05T17:42:12.629Z] [INFO] GET /api/v1/pricing/price-lists 200 - 78ms 
[2026-05-05T17:42:12.798Z] [INFO] GET /api/v1/pricing/history 200 - 239ms 
[2026-05-05T17:42:29.435Z] [INFO] GET /api/v1/products?page=1 200 - 38ms 
[2026-05-05T17:42:33.379Z] [INFO] GET /api/v1/products/bdf9f3ed-8b8f-4f5e-b609-abb40773dca2 200 - 47ms 
[2026-05-05T17:42:51.350Z] [INFO] GET /api/v1/orders?page=1&limit=20 200 - 6ms 
[2026-05-05T17:43:17.213Z] [INFO] GET /api/v1/customers?page=1 200 - 10ms 
[2026-05-05T17:43:18.068Z] [INFO] GET /api/v1/customers/11d8540e-51c9-4545-b87a-21a0bbc516c3 200 - 8ms 
[2026-05-10T07:45:58.314Z] [INFO] ✅ Database connected successfully 
[2026-05-10T08:28:18.053Z] [INFO] GET /api/v1/reports/sales 401 - 340ms 
[2026-05-10T08:28:29.749Z] [INFO] POST /api/v1/auth/login 200 - 1955ms 
[2026-05-10T08:28:29.870Z] [INFO] GET /api/v1/reports/sales 200 - 71ms 
[2026-05-10T08:29:06.171Z] [INFO] GET /api/v1/customers?page=1 200 - 316ms 
[2026-05-10T08:32:30.497Z] [INFO] GET /api/v1/customers/11d8540e-51c9-4545-b87a-21a0bbc516c3 200 - 13ms 
[2026-05-10T08:36:19.915Z] [INFO] ✅ Database connected successfully 
[2026-05-10T08:38:50.356Z] [INFO] GET /api/v1/customers?page=1 200 - 102ms 
[2026-05-10T08:38:52.121Z] [INFO] GET /api/v1/customers?page=1 200 - 7ms 
[2026-05-10T08:38:59.723Z] [INFO] POST /api/v1/customers 400 - 9ms 
[2026-05-10T08:38:59.727Z] [INFO] POST /api/v1/customers 400 - 3ms 
[2026-05-10T08:39:04.632Z] [INFO] POST /api/v1/customers 400 - 3ms 
[2026-05-10T08:41:02.815Z] [INFO] GET /api/v1/customers?page=1 200 - 4ms 
[2026-05-10T08:41:11.485Z] [INFO] POST /api/v1/customers 400 - 3ms 
[2026-05-10T15:39:29.581Z] [INFO] GET /api/v1/customers?page=1 200 - 140ms 
[2026-05-10T15:46:56.276Z] [INFO] ✅ Database connected successfully 
[2026-05-10T15:49:53.319Z] [INFO] ✅ Database connected successfully 
[2026-05-10T15:51:16.866Z] [INFO] GET /api/v1/customers?page=1 200 - 304ms 
[2026-05-10T16:24:22.380Z] [INFO] GET /api/v1/customers?page=1 200 - 194ms 
[2026-05-10T16:27:30.970Z] [INFO] ✅ Database connected successfully 
[2026-05-10T16:27:58.737Z] [INFO] ✅ Database connected successfully 
[2026-05-10T16:28:00.673Z] [INFO] ✅ Database connected successfully 
[2026-05-10T16:28:20.197Z] [INFO] ✅ Database connected successfully 
[2026-05-10T16:28:28.305Z] [INFO] ✅ Database connected successfully 
[2026-05-10T16:29:00.586Z] [INFO] ✅ Database connected successfully 
[2026-05-10T16:29:03.847Z] [INFO] ✅ Database connected successfully 
[2026-05-10T16:29:07.501Z] [INFO] ✅ Database connected successfully 
[2026-05-10T16:30:41.598Z] [INFO] GET /api/v1/customers?page=1 200 - 53ms 
[2026-05-10T16:32:31.350Z] [INFO] GET /api/v1/customers?page=1 200 - 8ms 
[2026-05-10T16:32:38.163Z] [INFO] GET /api/v1/products?page=1 200 - 203ms 
[2026-05-10T16:32:41.521Z] [INFO] GET /api/v1/customers?page=1 200 - 3ms 
[2026-05-10T16:32:43.206Z] [INFO] GET /api/v1/customer-types 404 - 2ms 
[2026-05-10T16:32:44.242Z] [INFO] GET /api/v1/customer-types 404 - 0ms 
[2026-05-10T16:33:17.344Z] [INFO] ✅ Database connected successfully 
[2026-05-10T16:34:25.077Z] [INFO] GET /api/v1/customer-types 404 - 3ms 
[2026-05-10T16:34:40.738Z] [INFO] ✅ Database connected successfully 
[2026-05-10T16:34:43.807Z] [INFO] GET /api/v1/customer-types 404 - 3ms 
[2026-05-10T16:34:49.465Z] [INFO] GET /api/v1/customer-types 404 - 1ms 
[2026-05-10T16:34:50.486Z] [INFO] GET /api/v1/customer-types 404 - 1ms 
[2026-05-10T16:35:14.414Z] [INFO] GET /api/v1/customer-types 404 - 1ms 
[2026-05-10T16:35:28.425Z] [INFO] GET /api/v1/customer/types 404 - 2ms 
[2026-05-10T16:35:30.015Z] [INFO] GET /api/v1/customers/types 200 - 571ms 
[2026-05-10T16:36:33.840Z] [INFO] GET /api/v1/customers?page=1 200 - 285ms 
[2026-05-10T16:38:05.255Z] [INFO] GET /api/v1/customers/types 200 - 6ms 
[2026-05-10T16:38:08.511Z] [INFO] GET /api/v1/customers?page=1 200 - 4ms 
[2026-05-10T16:38:09.765Z] [INFO] GET /api/v1/customers/types 200 - 4ms 
[2026-05-10T16:38:16.576Z] [INFO] GET /api/v1/customers?page=1 200 - 4ms 
[2026-05-10T16:38:18.064Z] [INFO] GET /api/v1/customers/types 200 - 4ms 
[2026-05-10T16:54:56.143Z] [INFO] GET /api/v1/customers/types 200 - 788ms 
[2026-05-10T16:54:56.155Z] [INFO] GET /api/v1/customers?page=1 200 - 796ms 
[2026-05-10T16:55:40.991Z] [INFO] Customer created {"customerId":"CUST-00002"}
[2026-05-10T16:55:40.992Z] [INFO] POST /api/v1/customers 201 - 387ms 
[2026-05-10T16:55:41.014Z] [INFO] GET /api/v1/customers?page=1 200 - 13ms 
[2026-05-10T16:59:22.310Z] [INFO] GET /api/v1/customers?page=1 200 - 14ms 
[2026-05-10T16:59:24.351Z] [INFO] GET /api/v1/customers/types 200 - 4ms 
[2026-05-10T16:59:27.657Z] [INFO] GET /api/v1/customers?page=1 200 - 68ms 
[2026-05-10T16:59:29.824Z] [INFO] GET /api/v1/customers/types 200 - 3ms 
[2026-05-10T17:00:13.079Z] [INFO] GET /api/v1/customers?page=1 200 - 111ms 
[2026-05-10T17:00:14.640Z] [INFO] GET /api/v1/customers/types 200 - 3ms 
[2026-05-10T17:02:05.200Z] [INFO] GET /api/v1/customers?page=1 200 - 4ms 
[2026-05-10T17:02:06.913Z] [INFO] GET /api/v1/customers/types 200 - 3ms 
[2026-05-10T17:02:10.532Z] [INFO] GET /api/v1/customers?page=1 200 - 150ms 
[2026-05-10T17:02:11.482Z] [INFO] GET /api/v1/customers/types 200 - 3ms 
[2026-05-10T17:04:01.523Z] [INFO] GET /api/v1/customers?search=Ne&page=1 200 - 1003ms 
[2026-05-10T17:04:02.519Z] [INFO] GET /api/v1/customers?search=Nepal&page=1 200 - 62ms 
[2026-05-10T17:04:21.871Z] [INFO] GET /api/v1/customers?search=inter&page=1 200 - 7ms 
[2026-05-10T17:04:36.909Z] [INFO] GET /api/v1/products?page=1 200 - 171ms 
[2026-05-10T17:46:00.245Z] [INFO] GET /api/v1/customers?page=1 200 - 459ms 
[2026-05-10T17:46:01.589Z] [INFO] GET /api/v1/customers?page=1 200 - 47ms 
[2026-05-10T17:46:02.965Z] [INFO] GET /api/v1/customers/CUST-00002 200 - 182ms 
[2026-05-10T17:46:11.538Z] [INFO] GET /api/v1/customers/11d8540e-51c9-4545-b87a-21a0bbc516c3 200 - 98ms 
[2026-05-10T17:46:18.955Z] [INFO] GET /api/v1/customers?page=1 200 - 174ms 
[2026-05-10T17:46:20.918Z] [INFO] GET /api/v1/customers/11d8540e-51c9-4545-b87a-21a0bbc516c3 200 - 4ms 
[2026-05-10T17:46:28.936Z] [INFO] GET /api/v1/customers/CUST-00002 200 - 31ms 
[2026-05-10T17:46:46.307Z] [INFO] GET /api/v1/products?page=1 200 - 51ms 
[2026-05-10T17:46:47.912Z] [INFO] GET /api/v1/products/bdf9f3ed-8b8f-4f5e-b609-abb40773dca2 200 - 165ms 
[2026-05-10T17:47:26.657Z] [INFO] Database disconnected 
[2026-05-12T16:38:04.108Z] [INFO] ✅ Database connected successfully 
[2026-05-12T16:38:14.101Z] [INFO] GET /api/v1/reports/sales 401 - 280ms 
[2026-05-12T16:38:25.652Z] [INFO] POST /api/v1/auth/login 200 - 1171ms 
[2026-05-12T16:38:25.735Z] [INFO] GET /api/v1/reports/sales 200 - 36ms 
[2026-05-12T16:38:33.850Z] [INFO] GET /api/v1/customers?page=1 200 - 73ms 
[2026-05-12T16:38:35.249Z] [INFO] GET /api/v1/customers/types 200 - 6ms 
[2026-05-12T16:38:37.623Z] [INFO] GET /api/v1/products?page=1 200 - 39ms 
[2026-05-12T16:53:15.295Z] [INFO] GET /api/v1/products?page=1 200 - 223ms 
[2026-05-12T16:53:18.583Z] [INFO] GET /api/v1/customers?page=1 200 - 10ms 
[2026-05-12T16:53:41.209Z] [INFO] GET /api/v1/products?page=1&limit=10&search= 200 - 4ms 
[2026-05-12T16:53:43.821Z] [INFO] GET /api/v1/customers?page=1 200 - 3ms 
[2026-05-12T16:53:44.410Z] [INFO] GET /api/v1/customers?page=1 200 - 5ms 
[2026-05-12T16:53:45.108Z] [INFO] GET /api/v1/products?page=1&limit=10&search= 200 - 4ms 
[2026-05-12T16:53:46.152Z] [INFO] GET /api/v1/products?page=1&limit=10&search= 200 - 11ms 
[2026-05-12T16:53:47.781Z] [INFO] GET /api/v1/products/bdf9f3ed-8b8f-4f5e-b609-abb40773dca2 200 - 219ms 
[2026-05-12T17:25:03.178Z] [INFO] GET /api/v1/products?page=1&limit=10&search= 200 - 113ms 
[2026-05-12T17:25:04.195Z] [INFO] GET /api/v1/orders?page=1&limit=20 200 - 30ms 
[2026-05-12T17:25:05.555Z] [INFO] GET /api/v1/products?page=1&limit=10&search= 200 - 4ms 
[2026-05-12T17:25:06.722Z] [INFO] GET /api/v1/customers/types 200 - 118ms 
[2026-05-12T17:28:19.183Z] [INFO] POST /api/v1/products 400 - 379ms 
[2026-05-12T17:29:10.323Z] [INFO] POST /api/v1/products 400 - 3ms 
[2026-05-13T16:38:50.769Z] [INFO] ✅ Database connected successfully 
[2026-05-13T16:41:21.020Z] [INFO] GET /api/v1/products?page=1&limit=10&search= 401 - 29ms 
[2026-05-13T16:41:26.084Z] [INFO] POST /api/v1/auth/login 200 - 2458ms 
[2026-05-13T16:41:26.270Z] [INFO] GET /api/v1/reports/sales 200 - 47ms 
[2026-05-13T16:42:11.505Z] [INFO] GET /api/v1/products?page=1&limit=10&search= 200 - 194ms 
[2026-05-13T16:42:12.788Z] [INFO] GET /api/v1/customers/types 200 - 122ms 
[2026-05-13T16:42:46.711Z] [INFO] POST /api/v1/products 400 - 5ms 
[2026-05-13T16:43:04.564Z] [INFO] POST /api/v1/products 400 - 3ms 
[2026-05-13T16:46:48.829Z] [INFO] GET /api/v1/products?page=1&limit=10&search= 200 - 555ms 
[2026-05-13T16:53:59.462Z] [INFO] GET /api/v1/products?page=1&limit=10&search= 200 - 191ms 
[2026-05-13T16:54:01.357Z] [INFO] GET /api/v1/orders?page=1&limit=20 200 - 558ms 
[2026-05-13T16:54:05.435Z] [INFO] GET /api/v1/pricing/history 200 - 38ms 
[2026-05-13T16:54:05.513Z] [INFO] GET /api/v1/pricing/price-lists 200 - 352ms 
[2026-05-13T16:54:09.028Z] [INFO] GET /api/v1/reports/sales 200 - 31ms 
[2026-05-13T16:54:09.075Z] [INFO] GET /api/v1/reports/kpis 200 - 81ms 
[2026-05-13T16:54:09.233Z] [INFO] GET /api/v1/reports/inventory 200 - 234ms 
[2026-05-13T16:54:11.233Z] [INFO] GET /api/v1/customers?page=1 200 - 54ms 
[2026-05-13T16:54:12.655Z] [INFO] GET /api/v1/customers/types 200 - 3ms 
[2026-05-13T17:06:10.489Z] [INFO] GET /api/v1/products?page=1&limit=10&search= 200 - 194ms 
[2026-05-13T17:11:24.736Z] [INFO] GET /api/v1/products?page=1&limit=10&search= 200 - 196ms 
[2026-05-16T17:41:06.585Z] [INFO] ✅ Database connected successfully 
[2026-05-16T17:41:32.498Z] [INFO] GET /api/v1/products?page=1&limit=10&search= 401 - 18ms 
[2026-05-16T17:41:35.655Z] [INFO] POST /api/v1/auth/login 200 - 727ms 
[2026-05-16T17:41:35.776Z] [INFO] GET /api/v1/reports/sales 200 - 16ms 
[2026-05-16T17:41:37.085Z] [INFO] GET /api/v1/customers?page=1 200 - 47ms 
[2026-05-16T17:41:38.011Z] [INFO] GET /api/v1/products?page=1&limit=10&search= 200 - 16ms 
[2026-05-16T17:41:39.878Z] [INFO] GET /api/v1/customers/types 200 - 5ms 
[2026-05-16T17:47:01.795Z] [INFO] GET /api/v1/products?page=1&limit=10&search= 200 - 96ms 
[2026-05-16T17:56:50.297Z] [INFO] GET /api/v1/products?page=1&limit=10&search= 200 - 313ms 
[2026-05-16T17:56:51.341Z] [INFO] GET /api/v1/products?page=1&limit=10&search= 200 - 8ms 
[2026-05-16T17:57:39.548Z] [INFO] GET /api/v1/products?page=1&limit=10&search= 200 - 4ms 
[2026-05-16T17:57:45.119Z] [INFO] GET /api/v1/UnitOfMeasure 404 - 1ms 
[2026-05-16T17:57:46.130Z] [INFO] GET /api/v1/UnitOfMeasure 404 - 0ms 
[2026-05-16T17:58:30.684Z] [INFO] GET /api/v1/UnitOfMeasure 404 - 0ms 
[2026-05-16T17:58:35.852Z] [INFO] GET /api/v1/UnitOfMeasure 404 - 1ms 
[2026-05-16T17:58:38.098Z] [INFO] GET /api/v1/products?page=1&limit=10&search= 200 - 4ms 
[2026-05-16T17:58:39.090Z] [INFO] GET /api/v1/UnitOfMeasure 404 - 0ms 
[2026-05-16T17:58:40.107Z] [INFO] GET /api/v1/UnitOfMeasure 404 - 1ms 
[2026-05-16T18:02:05.500Z] [INFO] ✅ Database connected successfully 
[2026-05-16T18:02:12.256Z] [INFO] ✅ Database connected successfully 
[2026-05-16T18:02:13.363Z] [INFO] ✅ Database connected successfully 
[2026-05-16T18:02:18.187Z] [INFO] ✅ Database connected successfully 
[2026-05-16T18:02:19.815Z] [INFO] ✅ Database connected successfully 
[2026-05-16T18:02:23.644Z] [INFO] ✅ Database connected successfully 
[2026-05-16T18:03:39.599Z] [INFO] ✅ Database connected successfully 
[2026-05-16T18:03:46.774Z] [INFO] ✅ Database connected successfully 
[2026-05-16T18:03:51.702Z] [INFO] ✅ Database connected successfully 
[2026-05-16T18:04:09.986Z] [INFO] ✅ Database connected successfully 
[2026-05-16T18:04:22.905Z] [INFO] ✅ Database connected successfully 
[2026-05-16T18:04:33.560Z] [INFO] ✅ Database connected successfully 
[2026-05-16T18:04:35.548Z] [INFO] ✅ Database connected successfully 
[2026-05-16T18:04:40.383Z] [INFO] ✅ Database connected successfully 
[2026-05-16T18:04:46.329Z] [INFO] ✅ Database connected successfully 
[2026-05-16T18:05:00.085Z] [INFO] ✅ Database connected successfully 
[2026-05-16T18:06:12.339Z] [INFO] GET /api/v1/UnitOfMeasure 404 - 3ms 
[2026-05-16T18:06:12.389Z] [INFO] GET /api/v1/products?page=1&limit=10&search= 200 - 67ms 
[2026-05-16T18:06:13.344Z] [INFO] GET /api/v1/UnitOfMeasure 404 - 0ms 
[2026-05-16T18:06:19.619Z] [INFO] GET /api/v1/UnitOfMeasure 404 - 1ms 
[2026-05-16T18:06:20.630Z] [INFO] GET /api/v1/UnitOfMeasure 404 - 1ms 
[2026-05-16T18:06:37.688Z] [INFO] GET /api/v1/UnitOfMeasure 404 - 0ms 
[2026-05-16T18:06:53.587Z] [INFO] GET /api/v1/unit 404 - 1ms 
[2026-05-16T18:06:56.927Z] [INFO] GET /api/v1/products?page=1&limit=10&search= 200 - 8ms 
[2026-05-16T18:06:58.858Z] [INFO] GET /api/v1/unit 404 - 1ms 
[2026-05-16T18:06:59.868Z] [INFO] GET /api/v1/unit 404 - 0ms 
[2026-05-16T18:07:16.304Z] [INFO] GET /api/v1/products?page=1&limit=10&search= 200 - 5ms 
[2026-05-16T18:07:17.549Z] [INFO] GET /api/v1/unit 404 - 1ms 
[2026-05-16T18:07:18.567Z] [INFO] GET /api/v1/unit 404 - 1ms 
[2026-05-16T18:07:25.461Z] [INFO] GET /api/v1/unit 404 - 1ms 
[2026-05-16T18:07:26.476Z] [INFO] GET /api/v1/unit 404 - 0ms 
[2026-05-16T18:08:15.537Z] [INFO] ✅ Database connected successfully 
[2026-05-16T18:08:41.126Z] [INFO] GET /api/v1/unit 404 - 2ms 
[2026-05-16T18:08:42.321Z] [INFO] GET /api/v1/products?page=1&limit=10&search= 200 - 65ms 
[2026-05-16T18:08:43.459Z] [INFO] GET /api/v1/unit 404 - 1ms 
[2026-05-16T18:08:44.475Z] [INFO] GET /api/v1/unit 404 - 2ms 
[2026-05-16T18:08:50.771Z] [INFO] GET /api/v1/unit 404 - 1ms 
[2026-05-16T18:08:51.784Z] [INFO] GET /api/v1/unit 404 - 1ms 
[2026-05-16T18:10:06.957Z] [INFO] ✅ Database connected successfully 
[2026-05-16T18:11:24.415Z] [INFO] ✅ Database connected successfully 
[2026-05-16T18:11:40.312Z] [INFO] ✅ Database connected successfully 
[2026-05-16T18:11:46.939Z] [INFO] ✅ Database connected successfully 
[2026-05-16T18:11:48.251Z] [INFO] ✅ Database connected successfully 
[2026-05-16T18:11:50.346Z] [INFO] ✅ Database connected successfully 
[2026-05-16T18:12:01.687Z] [INFO] GET /api/v1/unit 404 - 2ms 
[2026-05-16T18:12:12.687Z] [INFO] GET /api/v1/units 404 - 1ms 
[2026-05-16T18:12:21.817Z] [INFO] GET /api/v1/products/units 200 - 14ms 
[2026-05-16T18:12:23.071Z] [INFO] GET /api/v1/products?page=1&limit=10&search= 200 - 78ms 
[2026-05-16T18:12:29.829Z] [INFO] GET /api/v1/products/units 200 - 4ms 
[2026-05-16T18:18:25.795Z] [INFO] GET /api/v1/products/units 200 - 47ms 
[2026-05-16T18:18:25.928Z] [INFO] GET /api/v1/products?page=1&limit=10&search= 200 - 182ms 
[2026-05-16T18:19:02.280Z] [INFO] ✅ Database connected successfully 
[2026-05-16T18:19:03.616Z] [INFO] ✅ Database connected successfully 
[2026-05-16T18:19:16.957Z] [INFO] ✅ Database connected successfully 
[2026-05-16T18:19:58.097Z] [INFO] ✅ Database connected successfully 
[2026-05-16T18:20:01.468Z] [INFO] ✅ Database connected successfully 
[2026-05-16T18:20:05.596Z] [INFO] ✅ Database connected successfully 
[2026-05-16T18:20:23.208Z] [INFO] ✅ Database connected successfully 
[2026-05-16T18:20:24.859Z] [INFO] ✅ Database connected successfully 
[2026-05-16T18:22:25.289Z] [INFO] GET /api/v1/products?page=1&limit=10&search= 200 - 197ms 
[2026-05-16T18:22:30.956Z] [INFO] GET /api/v1/products/units 200 - 6ms 
[2026-05-16T18:23:51.670Z] [INFO] ✅ Database connected successfully 
[2026-05-16T18:24:07.631Z] [INFO] ✅ Database connected successfully 
[2026-05-16T18:24:10.255Z] [INFO] ✅ Database connected successfully 
[2026-05-16T18:24:15.447Z] [INFO] GET /api/v1/products?page=1&limit=10&search= 200 - 66ms 
[2026-05-16T18:24:17.011Z] [INFO] GET /api/v1/products/units 200 - 4ms 
[2026-05-16T18:24:50.646Z] [INFO] ✅ Database connected successfully 
[2026-05-16T18:27:11.708Z] [INFO] GET /api/v1/products/categories 200 - 13ms 
[2026-05-16T18:27:23.197Z] [INFO] GET /api/v1/products?page=1&limit=10&search= 200 - 56ms 
[2026-05-16T18:27:24.156Z] [INFO] GET /api/v1/products/units 200 - 5ms 
[2026-05-16T18:27:24.158Z] [INFO] GET /api/v1/products/categories 200 - 5ms 
[2026-05-16T18:28:00.214Z] [INFO] Product created {"productId":"4631b140-5310-4432-a0c4-34bade0395d4"}
[2026-05-16T18:28:00.218Z] [INFO] POST /api/v1/products 201 - 285ms 
[2026-05-16T18:28:00.245Z] [INFO] GET /api/v1/products?page=1&limit=10&search= 200 - 6ms 
[2026-05-16T18:28:04.596Z] [INFO] GET /api/v1/products/4631b140-5310-4432-a0c4-34bade0395d4 200 - 39ms 
[2026-05-16T18:28:31.410Z] [INFO] GET /api/v1/orders?page=1&limit=20 200 - 8ms 
[2026-05-16T18:28:40.448Z] [INFO] GET /api/v1/inventory 200 - 83ms 
[2026-05-16T18:28:40.461Z] [INFO] GET /api/v1/inventory/movements 200 - 99ms 
[2026-05-16T18:28:40.494Z] [INFO] GET /api/v1/inventory/alerts/low-stock 200 - 127ms 
[2026-05-16T18:28:42.834Z] [INFO] GET /api/v1/pricing/price-lists 200 - 11ms 
[2026-05-16T18:28:42.845Z] [INFO] GET /api/v1/pricing/history 200 - 20ms 
[2026-05-16T18:28:51.867Z] [INFO] GET /api/v1/customers?page=1 200 - 109ms 
[2026-05-17T06:23:06.075Z] [INFO] ✅ Database connected successfully 
[2026-05-17T06:23:36.341Z] [INFO] GET /api/v1/orders?page=1&limit=20 200 - 1600ms 
[2026-05-17T06:23:51.462Z] [INFO] GET /api/v1/customers?page=1 200 - 687ms 
[2026-05-17T06:23:51.463Z] [INFO] GET /api/v1/reports/sales 200 - 286ms 
[2026-05-17T06:23:54.378Z] [INFO] GET /api/v1/products?page=1&limit=10&search= 200 - 21ms 
[2026-05-17T06:23:55.270Z] [INFO] GET /api/v1/products/units 200 - 6ms 
[2026-05-17T06:23:55.272Z] [INFO] GET /api/v1/products/categories 200 - 5ms 
[2026-05-17T06:24:02.764Z] [INFO] GET /api/v1/products/4631b140-5310-4432-a0c4-34bade0395d4 200 - 64ms 
[2026-05-17T06:28:53.133Z] [INFO] GET /api/v1/orders?page=1&limit=20 200 - 255ms 
[2026-05-17T06:29:22.546Z] [INFO] GET /api/v1/customers?page=1 200 - 11ms 
[2026-05-17T06:29:23.717Z] [INFO] GET /api/v1/customers/CUST-00002 200 - 56ms 
[2026-05-17T06:29:26.764Z] [INFO] GET /api/v1/customers/types 200 - 3ms 
[2026-05-17T06:29:32.909Z] [INFO] GET /api/v1/inventory/movements 200 - 8ms 
[2026-05-17T06:29:32.929Z] [INFO] GET /api/v1/inventory 200 - 32ms 
[2026-05-17T06:29:32.968Z] [INFO] GET /api/v1/inventory/alerts/low-stock 200 - 65ms 
[2026-05-17T07:13:17.674Z] [INFO] GET /api/v1/orders?page=1&limit=20 200 - 237ms 
[2026-05-17T07:14:55.418Z] [INFO] GET /api/v1/products?page=1&limit=10&search= 200 - 77ms 
[2026-05-17T07:22:58.511Z] [INFO] ✅ Database connected successfully 
[2026-05-17T07:36:55.753Z] [INFO] ✅ Database connected successfully 
[2026-05-17T07:40:03.580Z] [INFO] ✅ Database connected successfully 
[2026-05-17T07:40:12.165Z] [INFO] ✅ Database connected successfully 
[2026-05-17T07:40:50.953Z] [INFO] ✅ Database connected successfully 
[2026-05-17T07:46:27.930Z] [INFO] GET /api/v1/reports/sales 200 - 2032ms 
[2026-05-17T07:46:43.349Z] [INFO] GET /api/v1/reports/sales 200 - 146ms 
[2026-05-17T07:46:49.434Z] [INFO] GET /api/v1/customers?page=1 200 - 573ms 
[2026-05-17T07:46:54.733Z] [INFO] GET /api/v1/orders?page=1&limit=10 200 - 7ms 
[2026-05-17T07:49:51.604Z] [INFO] GET /api/v1/orders?page=1&limit=10 200 - 4ms 
[2026-05-18T03:09:18.191Z] [INFO] ✅ Database connected successfully 
[2026-05-18T03:09:59.158Z] [INFO] GET /api/v1/reports/sales 401 - 25ms 
[2026-05-18T03:09:59.179Z] [INFO] GET /api/v1/reports/sales 401 - 19ms 
[2026-05-18T03:10:03.764Z] [INFO] POST /api/v1/auth/login 200 - 1196ms 
[2026-05-18T03:10:03.860Z] [INFO] GET /api/v1/reports/sales 200 - 53ms 
[2026-05-18T03:10:05.424Z] [INFO] GET /api/v1/orders?page=1&limit=10 200 - 63ms 
[2026-05-18T03:13:45.249Z] [INFO] GET /api/v1/orders?page=1&limit=10 200 - 9ms 
[2026-05-18T03:26:01.581Z] [INFO] GET /api/v1/orders?page=1&limit=10 200 - 327ms 
[2026-05-18T03:26:04.267Z] [INFO] GET /api/v1/reports/sales 200 - 76ms 
[2026-05-18T03:26:08.040Z] [INFO] GET /api/v1/customers?page=1 200 - 1576ms 
[2026-05-18T03:26:08.084Z] [INFO] GET /api/v1/products?page=1&limit=10&search= 200 - 1061ms 
[2026-05-18T03:26:17.490Z] [INFO] GET /api/v1/reports/sales 401 - 4ms 
[2026-05-18T03:26:34.667Z] [INFO] POST /api/v1/auth/login 200 - 118ms 
[2026-05-18T03:26:34.742Z] [INFO] GET /api/v1/reports/sales 200 - 10ms 
[2026-05-18T03:26:48.551Z] [INFO] GET /api/v1/customers?page=1 200 - 11ms 
[2026-05-18T03:27:05.853Z] [INFO] GET /api/v1/products?page=1&limit=10&search= 200 - 17ms 
[2026-05-18T03:27:06.852Z] [INFO] GET /api/v1/inventory/movements 200 - 39ms 
[2026-05-18T03:27:06.880Z] [INFO] GET /api/v1/inventory/alerts/low-stock 200 - 64ms 
[2026-05-18T03:27:06.887Z] [INFO] GET /api/v1/inventory 200 - 76ms 
[2026-05-18T03:27:07.625Z] [INFO] GET /api/v1/orders?page=1&limit=10 200 - 7ms 
[2026-05-18T03:27:08.304Z] [INFO] GET /api/v1/pricing/history 200 - 39ms 
[2026-05-18T03:27:08.332Z] [INFO] GET /api/v1/pricing/price-lists 200 - 69ms 
[2026-05-18T03:27:16.055Z] [INFO] GET /api/v1/customers/types 200 - 99ms 
[2026-05-18T03:27:20.499Z] [INFO] GET /api/v1/products/units 200 - 4ms 
[2026-05-18T03:27:20.500Z] [INFO] GET /api/v1/products/categories 200 - 3ms 
[2026-05-18T03:27:51.196Z] [INFO] GET /api/v1/products/4631b140-5310-4432-a0c4-34bade0395d4 200 - 5ms 
[2026-05-18T03:28:39.740Z] [INFO] GET /api/v1/pricing/price-lists 200 - 4ms 
[2026-05-18T03:28:39.747Z] [INFO] GET /api/v1/pricing/history 200 - 9ms 
[2026-05-18T03:28:42.660Z] [INFO] GET /api/v1/reports/sales 200 - 4ms 
[2026-05-18T03:28:42.663Z] [INFO] GET /api/v1/reports/inventory 200 - 5ms 
[2026-05-18T03:28:42.694Z] [INFO] GET /api/v1/reports/kpis 200 - 40ms 
[2026-05-18T03:28:45.437Z] [INFO] GET /api/v1/inventory 200 - 5ms 
[2026-05-18T03:28:45.440Z] [INFO] GET /api/v1/inventory/alerts/low-stock 200 - 5ms 
[2026-05-18T03:28:45.441Z] [INFO] GET /api/v1/inventory/movements 200 - 8ms 
[2026-05-18T03:29:48.518Z] [INFO] GET /api/v1/pricing/history 200 - 3ms 
[2026-05-18T03:29:48.522Z] [INFO] GET /api/v1/pricing/price-lists 200 - 10ms 
[2026-05-18T03:31:05.619Z] [INFO] GET /api/v1/inventory 200 - 11ms 
[2026-05-18T03:31:05.621Z] [INFO] GET /api/v1/inventory/alerts/low-stock 200 - 7ms 
[2026-05-18T03:31:05.744Z] [INFO] GET /api/v1/inventory/movements 200 - 133ms 
[2026-05-18T03:31:39.669Z] [INFO] GET /api/v1/reports/sales 200 - 6ms 
[2026-05-18T03:41:14.739Z] [INFO] GET /api/v1/customers?page=1 200 - 62ms 
[2026-05-18T03:41:33.614Z] [INFO] GET /api/v1/products?page=1&limit=10&search= 200 - 13ms 
[2026-05-18T03:41:37.088Z] [INFO] GET /api/v1/customers/types 200 - 3ms 
[2026-05-18T03:41:40.025Z] [INFO] GET /api/v1/pricing/price-lists 200 - 6ms 
[2026-05-18T03:41:40.026Z] [INFO] GET /api/v1/pricing/history 200 - 6ms 
[2026-05-18T03:41:41.502Z] [INFO] GET /api/v1/inventory/movements 200 - 8ms 
[2026-05-18T03:41:41.506Z] [INFO] GET /api/v1/inventory 200 - 14ms 
[2026-05-18T03:41:41.648Z] [INFO] GET /api/v1/inventory/alerts/low-stock 200 - 152ms 
[2026-05-18T03:41:41.932Z] [INFO] GET /api/v1/orders?page=1&limit=10 200 - 7ms 
[2026-05-18T03:41:42.986Z] [INFO] GET /api/v1/customers 200 - 5ms 
[2026-05-18T03:44:01.407Z] [INFO] GET /api/v1/orders?page=1&limit=10 200 - 3ms 
[2026-05-18T03:44:03.115Z] [INFO] GET /api/v1/customers 200 - 4ms 
[2026-05-18T03:44:36.073Z] [INFO] GET /api/v1/reports/sales 200 - 3ms 
[2026-05-18T03:44:37.584Z] [INFO] GET /api/v1/orders?page=1&limit=10 200 - 5ms 
[2026-05-18T03:44:38.115Z] [INFO] GET /api/v1/products?page=1&limit=10&search= 200 - 7ms 
[2026-05-18T03:44:38.597Z] [INFO] GET /api/v1/customers?page=1 200 - 4ms 
[2026-05-18T03:44:40.133Z] [INFO] GET /api/v1/customers 200 - 6ms 
[2026-05-18T03:45:01.217Z] [INFO] GET /api/v1/orders?page=1&limit=10 200 - 4ms 
[2026-05-18T03:45:57.008Z] [INFO] GET /api/v1/customers?page=1 200 - 8ms 
[2026-05-18T03:49:09.757Z] [INFO] GET /api/v1/customers/types 200 - 58ms 
[2026-05-18T03:49:13.153Z] [INFO] GET /api/v1/customers 200 - 71ms 
[2026-05-18T03:49:13.156Z] [INFO] GET /api/v1/products 200 - 71ms 
[2026-05-18T03:49:28.271Z] [INFO] POST /api/v1/orders?customerId=CUST-00002&items%5B0%5D%5BproductId%5D=4631b140-5310-4432-a0c4-34bade0395d4&items%5B0%5D%5Bquantity%5D=3&notes=Available 400 - 118ms 
[2026-05-18T03:51:03.408Z] [INFO] GET /api/v1/orders?page=1&limit=10 200 - 14ms 
[2026-05-18T03:51:04.847Z] [INFO] GET /api/v1/orders?page=1&limit=10 200 - 5ms 
[2026-05-18T03:51:30.976Z] [INFO] GET /api/v1/products 200 - 13ms 
[2026-05-18T03:51:30.978Z] [INFO] GET /api/v1/customers 200 - 17ms 
[2026-05-18T03:51:43.298Z] [INFO] POST /api/v1/orders?customerId=11d8540e-51c9-4545-b87a-21a0bbc516c3&items%5B0%5D%5BproductId%5D=4631b140-5310-4432-a0c4-34bade0395d4&items%5B0%5D%5Bquantity%5D=1&notes=only+1+piece+avalable 400 - 3ms 
[2026-05-18T03:53:05.345Z] [INFO] POST /api/v1/orders?customerId=11d8540e-51c9-4545-b87a-21a0bbc516c3&items%5B0%5D%5BproductId%5D=4631b140-5310-4432-a0c4-34bade0395d4&items%5B0%5D%5Bquantity%5D=1&notes=only+1+piece+available 400 - 3ms 
[2026-05-18T04:10:26.990Z] [INFO] GET /api/v1/customers 200 - 108ms 
[2026-05-18T04:10:26.994Z] [INFO] GET /api/v1/products 200 - 109ms 
[2026-05-18T04:10:26.996Z] [INFO] GET /api/v1/orders?page=1&limit=10 200 - 116ms 
[2026-05-18T04:12:00.144Z] [INFO] ✅ Database connected successfully 
[2026-05-18T04:13:46.191Z] [INFO] ✅ Database connected successfully 
[2026-05-18T04:14:55.806Z] [INFO] GET /api/v1/customers?page=1 200 - 155ms 
[2026-05-18T04:14:56.620Z] [INFO] GET /api/v1/customers?page=1 200 - 5ms 
[2026-05-18T04:15:00.922Z] [INFO] GET /api/v1/orders?page=1&limit=10 200 - 8ms 
[2026-05-18T04:15:01.785Z] [INFO] GET /api/v1/customers 200 - 5ms 
[2026-05-18T04:15:01.794Z] [INFO] GET /api/v1/products 200 - 12ms 
[2026-05-18T04:15:08.427Z] [INFO] GET /api/v1/orders?page=1&limit=10 200 - 3ms 
[2026-05-18T04:15:14.330Z] [INFO] GET /api/v1/customers 200 - 5ms 
[2026-05-18T04:15:14.334Z] [INFO] GET /api/v1/products 200 - 7ms 
[2026-05-18T04:15:20.885Z] [INFO] POST /api/v1/orders?customerId=11d8540e-51c9-4545-b87a-21a0bbc516c3&items%5B0%5D%5BproductId%5D=4631b140-5310-4432-a0c4-34bade0395d4&items%5B0%5D%5Bquantity%5D=1&notes=afsdas 400 - 10ms 
[2026-05-18T05:22:43.562Z] [INFO] GET /api/v1/customers 200 - 216ms 
[2026-05-18T05:22:43.601Z] [INFO] GET /api/v1/orders?page=1&limit=10 200 - 252ms 
[2026-05-18T05:22:43.602Z] [INFO] GET /api/v1/products 200 - 254ms 
[2026-05-19T17:18:27.756Z] [INFO] ✅ Database connected successfully 
[2026-05-19T17:18:58.833Z] [INFO] GET /api/v1/reports/sales 401 - 31ms 
[2026-05-19T17:19:00.550Z] [INFO] POST /api/v1/auth/login 200 - 291ms 
[2026-05-19T17:19:00.627Z] [INFO] GET /api/v1/reports/sales 200 - 32ms 
[2026-05-19T17:20:46.603Z] [INFO] GET /api/v1/customers?page=1 200 - 146ms 
[2026-05-19T17:20:47.223Z] [INFO] GET /api/v1/products?page=1&limit=10&search= 200 - 20ms 
[2026-05-19T17:20:48.593Z] [INFO] GET /api/v1/orders?page=1&limit=10 200 - 9ms 
[2026-05-19T17:20:51.106Z] [INFO] GET /api/v1/customers 200 - 7ms 
[2026-05-19T17:20:51.146Z] [INFO] GET /api/v1/products 200 - 45ms 
[2026-05-19T17:21:04.886Z] [INFO] POST /api/v1/orders?customerId=11d8540e-51c9-4545-b87a-21a0bbc516c3&items%5B0%5D%5BproductId%5D=4631b140-5310-4432-a0c4-34bade0395d4&items%5B0%5D%5Bquantity%5D=1&notes=available+ 400 - 5ms 
[2026-05-19T17:26:22.226Z] [INFO] GET /api/v1/products 200 - 169ms 
[2026-05-19T17:26:22.240Z] [INFO] GET /api/v1/customers 200 - 185ms 
[2026-05-19T17:26:22.245Z] [INFO] GET /api/v1/orders?page=1&limit=10 200 - 192ms 
[2026-05-19T17:31:29.919Z] [INFO] ✅ Database connected successfully 
[2026-05-19T17:31:29.988Z] [INFO] GET /api/v1/orders?page=1&limit=10 200 - 103ms 
[2026-05-19T17:31:30.109Z] [INFO] GET /api/v1/products 200 - 213ms 
[2026-05-19T17:31:30.113Z] [INFO] GET /api/v1/customers 200 - 219ms 
[2026-05-19T17:36:50.248Z] [INFO] GET /api/v1/customers 200 - 75ms 
[2026-05-19T17:36:50.352Z] [INFO] GET /api/v1/products 200 - 176ms 
[2026-05-19T17:36:56.645Z] [INFO] GET /api/v1/orders?page=1&limit=10 200 - 9ms 
[2026-05-19T17:39:54.125Z] [INFO] GET /api/v1/orders?page=1&limit=10 200 - 6ms 
[2026-05-19T17:39:55.697Z] [INFO] GET /api/v1/customers 200 - 11ms 
[2026-05-19T17:39:55.705Z] [INFO] GET /api/v1/products 200 - 17ms 
[2026-05-19T17:40:21.955Z] [INFO] Order created {"orderId":"51bbfab1-47f5-45db-a04a-e0b95182baf6"}
[2026-05-19T17:40:21.959Z] [INFO] POST /api/v1/orders 201 - 344ms 
[2026-05-19T17:40:21.974Z] [INFO] GET /api/v1/orders?page=1&limit=10 200 - 5ms 
[2026-05-19T17:40:23.473Z] [INFO] GET /api/v1/orders/51bbfab1-47f5-45db-a04a-e0b95182baf6 200 - 15ms 
[2026-05-19T17:40:35.696Z] [INFO] GET /api/v1/products?page=1&limit=10&search= 200 - 3ms 
[2026-05-19T17:51:34.192Z] [INFO] GET /api/v1/orders?page=1&limit=10 200 - 220ms 
[2026-05-19T17:51:38.693Z] [INFO] GET /api/v1/customers 200 - 8ms 
[2026-05-19T17:51:38.853Z] [INFO] GET /api/v1/products 200 - 167ms 
[2026-05-19T17:51:40.543Z] [INFO] GET /api/v1/orders/51bbfab1-47f5-45db-a04a-e0b95182baf6 200 - 19ms 
[2026-05-19T17:51:41.672Z] [INFO] PATCH /api/v1/orders/51bbfab1-47f5-45db-a04a-e0b95182baf6/confirm 404 - 2ms 
[2026-05-19T17:53:06.267Z] [INFO] GET /api/v1/orders?page=1&limit=10 200 - 12ms 
[2026-05-19T17:53:06.922Z] [INFO] GET /api/v1/orders/51bbfab1-47f5-45db-a04a-e0b95182baf6 200 - 8ms 
[2026-05-19T17:53:07.963Z] [INFO] POST /api/v1/orders/51bbfab1-47f5-45db-a04a-e0b95182baf6/confirm 400 - 249ms 
[2026-05-19T17:54:24.887Z] [INFO] GET /api/v1/products?page=1&limit=10&search= 200 - 3ms 
[2026-05-19T17:54:26.131Z] [INFO] GET /api/v1/products/4631b140-5310-4432-a0c4-34bade0395d4 200 - 6ms 
[2026-05-19T17:54:28.382Z] [INFO] GET /api/v1/products/bdf9f3ed-8b8f-4f5e-b609-abb40773dca2 200 - 6ms 
[2026-05-19T17:54:36.553Z] [INFO] GET /api/v1/pricing/history 200 - 6ms 
[2026-05-19T17:54:36.640Z] [INFO] GET /api/v1/pricing/price-lists 200 - 95ms 
[2026-05-19T17:54:37.026Z] [INFO] GET /api/v1/inventory 200 - 5ms 
[2026-05-19T17:54:37.028Z] [INFO] GET /api/v1/inventory/alerts/low-stock 200 - 4ms 
[2026-05-19T17:54:37.029Z] [INFO] GET /api/v1/inventory/movements 200 - 6ms 
[2026-05-19T17:54:51.756Z] [INFO] Database disconnected 
[2026-05-25T15:37:42.328Z] [INFO] ✅ Database connected successfully 
[2026-05-25T15:39:53.953Z] [INFO] GET /api/v1/reports/sales 401 - 28ms 
[2026-05-25T15:40:03.648Z] [INFO] GET /api/v1/reports/sales 401 - 4ms 
[2026-05-25T15:40:09.576Z] [INFO] POST /api/v1/auth/login 200 - 645ms 
[2026-05-25T15:40:09.660Z] [INFO] GET /api/v1/reports/sales 200 - 29ms 
[2026-05-25T15:40:11.954Z] [INFO] GET /api/v1/customers?page=1 200 - 182ms 
[2026-05-25T15:40:13.653Z] [INFO] GET /api/v1/products?page=1&limit=10&search= 200 - 35ms 
[2026-05-25T15:40:15.121Z] [INFO] GET /api/v1/orders?page=1&limit=10 200 - 24ms 
[2026-05-25T15:40:22.554Z] [INFO] GET /api/v1/inventory/alerts/low-stock 200 - 21ms 
[2026-05-25T15:40:22.556Z] [INFO] GET /api/v1/inventory 200 - 21ms 
[2026-05-25T15:40:22.604Z] [INFO] GET /api/v1/inventory/movements 200 - 65ms 
[2026-05-25T15:40:24.165Z] [INFO] GET /api/v1/customers 200 - 9ms 
[2026-05-25T15:40:24.167Z] [INFO] GET /api/v1/products 200 - 8ms 
[2026-05-25T15:40:28.029Z] [INFO] GET /api/v1/orders/51bbfab1-47f5-45db-a04a-e0b95182baf6 200 - 16ms 
[2026-05-25T16:55:32.161Z] [INFO] GET /api/v1/orders?page=1&limit=10 200 - 346ms 
[2026-05-25T17:02:33.729Z] [INFO] GET /api/v1/orders?page=1&limit=10 200 - 156ms 
[2026-05-25T17:21:52.135Z] [INFO] GET /api/v1/orders?page=1&limit=10 200 - 212ms 
[2026-05-25T17:29:55.488Z] [INFO] ✅ Database connected successfully 
[2026-05-25T17:30:05.692Z] [INFO] ✅ Database connected successfully 
[2026-05-25T17:30:21.674Z] [INFO] ✅ Database connected successfully 
[2026-05-25T17:30:24.379Z] [INFO] ✅ Database connected successfully 
[2026-05-25T17:30:27.774Z] [INFO] ✅ Database connected successfully 
[2026-05-25T17:31:03.686Z] [INFO] GET /api/v1/orders?page=1&limit=10 200 - 58ms 
[2026-05-25T17:37:33.395Z] [INFO] GET /api/v1/orders?page=1&limit=10 200 - 609ms 
[2026-05-27T16:03:03.636Z] [INFO] ✅ Database connected successfully 
[2026-05-27T16:23:54.622Z] [INFO] GET /api/v1/reports/sales 401 - 10ms 
[2026-05-27T16:23:56.918Z] [INFO] POST /api/v1/auth/login 200 - 769ms 
[2026-05-27T16:23:57.018Z] [INFO] GET /api/v1/reports/sales 200 - 36ms 
[2026-05-27T16:24:39.276Z] [INFO] GET /api/v1/reports/sales 200 - 7ms 
[2026-05-27T16:28:32.066Z] [INFO] GET /api/v1/customers?page=1 200 - 318ms 
[2026-05-27T16:28:38.428Z] [INFO] GET /api/v1/customers/types 200 - 34ms 
[2026-05-27T16:28:40.650Z] [INFO] GET /api/v1/products?page=1&limit=10&search= 200 - 27ms 
[2026-05-27T16:28:47.567Z] [INFO] GET /api/v1/products/units 200 - 4ms 
[2026-05-27T16:28:47.569Z] [INFO] GET /api/v1/products/categories 200 - 4ms 
[2026-05-27T16:28:52.485Z] [INFO] GET /api/v1/orders?page=1&limit=10 200 - 9ms 
[2026-05-27T16:28:53.473Z] [INFO] GET /api/v1/customers 200 - 5ms 
[2026-05-27T16:28:53.475Z] [INFO] GET /api/v1/products 200 - 5ms 
[2026-05-27T16:29:00.294Z] [INFO] GET /api/v1/inventory 200 - 130ms 
[2026-05-27T16:29:00.342Z] [INFO] GET /api/v1/inventory/alerts/low-stock 200 - 168ms 
[2026-05-27T16:29:00.371Z] [INFO] GET /api/v1/inventory/movements 200 - 205ms 
[2026-05-27T16:29:01.897Z] [INFO] GET /api/v1/pricing/history 200 - 82ms 
[2026-05-27T16:29:01.923Z] [INFO] GET /api/v1/pricing/price-lists 200 - 110ms 
[2026-05-27T16:44:58.755Z] [INFO] GET /api/v1/reports/sales 401 - 11ms 
[2026-05-27T16:44:59.344Z] [INFO] GET /api/v1/reports/sales 401 - 2ms 
[2026-05-27T16:45:00.729Z] [INFO] POST /api/v1/auth/login 200 - 156ms 
[2026-05-27T16:45:00.790Z] [INFO] GET /api/v1/reports/sales 200 - 8ms 
[2026-05-27T16:45:04.477Z] [INFO] GET /api/v1/customers/types 200 - 7ms 
[2026-05-27T16:47:58.885Z] [INFO] GET /api/v1/reports/sales 200 - 65ms 
[2026-05-27T16:47:58.911Z] [INFO] GET /api/v1/reports/kpis 200 - 94ms 
[2026-05-27T16:47:58.990Z] [INFO] GET /api/v1/reports/inventory 200 - 168ms 
[2026-05-27T16:49:54.485Z] [INFO] GET /api/v1/customers?page=1 200 - 9ms 
[2026-05-27T16:50:00.498Z] [INFO] GET /api/v1/suppliers?page=1&limit=20 200 - 38ms 
[2026-05-27T16:51:01.725Z] [INFO] GET /api/v1/suppliers?page=1&limit=20 304 - 189ms 
[2026-05-27T16:52:15.181Z] [INFO] POST /api/v1/suppliers 201 - 418ms 
[2026-05-27T16:52:15.202Z] [INFO] GET /api/v1/suppliers?page=1&limit=20 200 - 4ms 
[2026-05-27T16:52:18.377Z] [INFO] GET /api/v1/suppliers?page=1&limit=20 304 - 4ms 
[2026-05-27T16:52:26.567Z] [INFO] GET /api/v1/suppliers?page=1&limit=20 304 - 2ms 
[2026-05-27T16:53:22.507Z] [INFO] GET /api/v1/suppliers?page=1&limit=20 304 - 3ms 
[2026-05-27T16:54:07.635Z] [INFO] GET /api/v1/suppliers?page=1&limit=20 304 - 3ms 
[2026-05-27T16:54:09.568Z] [INFO] GET /api/v1/suppliers/55a0e9ee-de6d-4895-8875-6ade08f131ff 200 - 2ms 
[2026-05-27T16:54:23.037Z] [INFO] GET /api/v1/customers?page=1 200 - 136ms 
[2026-05-27T16:54:23.889Z] [INFO] GET /api/v1/customers/types 200 - 4ms 
[2026-05-27T16:54:27.193Z] [INFO] GET /api/v1/products?page=1&limit=10&search= 200 - 13ms 
[2026-05-27T16:54:28.579Z] [INFO] GET /api/v1/products/units 200 - 3ms 
[2026-05-27T16:54:28.580Z] [INFO] GET /api/v1/products/categories 200 - 3ms 
[2026-05-27T16:54:57.658Z] [INFO] GET /api/v1/reports/sales 200 - 8ms 
[2026-05-27T16:54:57.666Z] [INFO] GET /api/v1/reports/kpis 200 - 18ms 
[2026-05-27T16:54:57.821Z] [INFO] GET /api/v1/reports/inventory 200 - 169ms 
[2026-05-27T16:59:02.962Z] [INFO] GET /api/v1/orders?page=1&limit=10 200 - 13ms 
[2026-05-27T16:59:05.565Z] [INFO] GET /api/v1/inventory/alerts/low-stock 200 - 11ms 
[2026-05-27T16:59:05.583Z] [INFO] GET /api/v1/inventory/movements 200 - 27ms 
[2026-05-27T16:59:05.686Z] [INFO] GET /api/v1/inventory 200 - 128ms 
[2026-05-27T16:59:07.032Z] [INFO] GET /api/v1/pricing/price-lists 200 - 22ms 
[2026-05-27T16:59:07.035Z] [INFO] GET /api/v1/pricing/history 200 - 23ms 
[2026-05-27T16:59:12.904Z] [INFO] GET /api/v1/suppliers?page=1&limit=20 304 - 8ms 
[2026-05-27T16:59:16.976Z] [INFO] GET /api/v1/suppliers/55a0e9ee-de6d-4895-8875-6ade08f131ff 200 - 2ms 
[2026-05-27T17:05:18.355Z] [INFO] GET /api/v1/products?page=1&limit=10&search= 200 - 214ms 
[2026-05-27T17:05:19.817Z] [INFO] GET /api/v1/products/4631b140-5310-4432-a0c4-34bade0395d4 200 - 69ms 
[2026-05-27T17:05:23.560Z] [INFO] GET /api/v1/products/units 200 - 3ms 
[2026-05-27T17:05:23.561Z] [INFO] GET /api/v1/products/categories 200 - 3ms 
[2026-05-27T17:09:11.986Z] [INFO] GET /api/v1/products?page=1&limit=10&search= 200 - 7ms 
[2026-05-27T17:09:13.412Z] [INFO] GET /api/v1/products/units 200 - 99ms 
[2026-05-27T17:09:13.413Z] [INFO] GET /api/v1/products/categories 200 - 4ms 
[2026-05-27T17:09:13.423Z] [INFO] GET /api/v1/suppliers?page=1&limit=20 304 - 12ms 
[2026-05-27T17:10:11.048Z] [INFO] Product created {"productId":"da92e83e-fbfe-4706-8d19-21c78f1f7158"}
[2026-05-27T17:10:11.051Z] [INFO] POST /api/v1/products 201 - 342ms 
[2026-05-27T17:10:11.107Z] [INFO] GET /api/v1/products?page=1&limit=10&search= 200 - 28ms 
[2026-05-27T17:10:13.778Z] [INFO] GET /api/v1/products/da92e83e-fbfe-4706-8d19-21c78f1f7158 200 - 5ms 
[2026-05-27T17:10:19.199Z] [INFO] GET /api/v1/customers?page=1 200 - 182ms 
[2026-05-27T17:10:19.647Z] [INFO] GET /api/v1/reports/sales 200 - 5ms 
[2026-05-27T17:10:43.703Z] [INFO] Database disconnected 
[2026-05-28T16:39:28.015Z] [INFO] ✅ Database connected successfully 
[2026-05-28T17:03:04.267Z] [INFO] GET /api/v1/reports/sales 401 - 41ms 
[2026-05-28T17:04:18.189Z] [INFO] POST /api/v1/auth/login 200 - 797ms 
[2026-05-28T17:04:18.270Z] [INFO] GET /api/v1/reports/sales 200 - 19ms 
[2026-05-28T17:04:22.948Z] [INFO] GET /api/v1/suppliers?page=1&limit=20 200 - 47ms 
[2026-05-28T17:04:24.039Z] [INFO] GET /api/v1/inventory 200 - 94ms 
[2026-05-28T17:04:24.114Z] [INFO] GET /api/v1/inventory/alerts/low-stock 200 - 161ms 
[2026-05-28T17:04:24.122Z] [INFO] GET /api/v1/inventory/movements 200 - 171ms 
[2026-05-28T17:04:24.350Z] [INFO] GET /api/v1/pricing/price-lists 200 - 36ms 
[2026-05-28T17:04:24.353Z] [INFO] GET /api/v1/pricing/history 200 - 36ms 
[2026-05-28T17:04:24.960Z] [INFO] GET /api/v1/customers?page=1 200 - 25ms 
[2026-05-28T17:15:47.340Z] [INFO] GET /api/v1/reports/sales 401 - 15ms 
[2026-05-28T17:15:49.248Z] [INFO] POST /api/v1/auth/login 200 - 108ms 
[2026-05-28T17:15:49.328Z] [INFO] GET /api/v1/reports/sales 200 - 8ms 
[2026-05-28T17:31:19.610Z] [INFO] GET /api/v1/inventory/movements 200 - 80ms 
[2026-05-28T17:31:19.634Z] [INFO] GET /api/v1/inventory/alerts/low-stock 200 - 102ms 
[2026-05-28T17:31:19.687Z] [INFO] GET /api/v1/inventory 200 - 183ms 
[2026-05-28T17:31:21.436Z] [INFO] GET /api/v1/pricing/price-lists 200 - 24ms 
[2026-05-28T17:31:21.447Z] [INFO] GET /api/v1/pricing/history 200 - 33ms 
[2026-05-28T17:31:26.414Z] [INFO] GET /api/v1/products?page=1&limit=10&search= 200 - 137ms 
[2026-05-28T17:31:27.856Z] [INFO] GET /api/v1/suppliers?page=1&limit=20 304 - 6ms 
[2026-05-28T17:31:27.878Z] [INFO] GET /api/v1/products/categories 200 - 27ms 
[2026-05-28T17:31:27.879Z] [INFO] GET /api/v1/products/units 200 - 31ms 
[2026-05-28T17:35:11.949Z] [INFO] GET /api/v1/reports/sales 200 - 59ms 
[2026-05-28T17:35:13.870Z] [INFO] GET /api/v1/products?page=1&limit=10&search= 200 - 16ms 
[2026-05-28T17:35:15.679Z] [INFO] GET /api/v1/products/da92e83e-fbfe-4706-8d19-21c78f1f7158 200 - 7ms 
[2026-05-28T17:47:14.919Z] [INFO] GET /api/v1/products/units 200 - 162ms 
[2026-05-28T17:47:14.957Z] [INFO] GET /api/v1/suppliers?page=1&limit=20 304 - 197ms 
[2026-05-28T17:47:14.961Z] [INFO] GET /api/v1/products/categories 200 - 202ms 
[2026-05-28T17:47:23.134Z] [INFO] GET /api/v1/products?page=1&limit=10&search= 200 - 15ms 
[2026-05-28T17:52:57.559Z] [INFO] GET /api/v1/products?page=1&limit=10&search= 200 - 151ms 
[2026-05-28T17:53:27.090Z] [INFO] GET /api/v1/products/units 200 - 92ms 
[2026-05-28T17:53:27.128Z] [INFO] GET /api/v1/products/categories 200 - 128ms 
[2026-05-28T17:53:27.131Z] [INFO] GET /api/v1/suppliers?page=1&limit=20 304 - 130ms 
[2026-05-28T17:53:28.955Z] [INFO] GET /api/v1/products?page=1&limit=10&search= 200 - 36ms 
[2026-05-28T17:55:12.856Z] [INFO] GET /api/v1/products/units 200 - 6ms 
[2026-05-28T17:55:12.857Z] [INFO] GET /api/v1/products/categories 200 - 5ms 
[2026-05-28T17:55:12.861Z] [INFO] GET /api/v1/suppliers?page=1&limit=20 304 - 6ms 
[2026-05-28T17:55:27.890Z] [INFO] GET /api/v1/products/bdf9f3ed-8b8f-4f5e-b609-abb40773dca2 200 - 35ms 
[2026-05-28T17:56:14.083Z] [INFO] GET /api/v1/customers?page=1 200 - 18ms 
[2026-05-28T17:56:14.677Z] [INFO] GET /api/v1/reports/sales 200 - 25ms 
[2026-05-28T17:56:16.745Z] [INFO] GET /api/v1/orders?page=1&limit=10 200 - 425ms 
[2026-05-28T17:56:16.812Z] [INFO] GET /api/v1/inventory 200 - 5ms 
[2026-05-28T17:56:16.815Z] [INFO] GET /api/v1/inventory/alerts/low-stock 200 - 5ms 
[2026-05-28T17:56:16.817Z] [INFO] GET /api/v1/inventory/movements 200 - 8ms 
[2026-05-28T17:56:21.842Z] [INFO] GET /api/v1/products/da92e83e-fbfe-4706-8d19-21c78f1f7158 200 - 6ms 
[2026-05-28T17:56:28.241Z] [INFO] GET /api/v1/products/4631b140-5310-4432-a0c4-34bade0395d4 200 - 291ms 
[2026-05-28T17:57:07.507Z] [INFO] GET /api/v1/products?page=1&limit=10&search= 200 - 5ms 
[2026-05-28T17:57:39.492Z] [INFO] GET /api/v1/products/bdf9f3ed-8b8f-4f5e-b609-abb40773dca2 200 - 4ms 
[2026-05-28T17:57:55.649Z] [INFO] GET /api/v1/suppliers?page=1&limit=20 304 - 3ms 
[2026-05-28T17:57:58.361Z] [INFO] GET /api/v1/suppliers/55a0e9ee-de6d-4895-8875-6ade08f131ff 200 - 169ms 
[2026-05-28T17:58:00.788Z] [INFO] GET /api/v1/reports/sales 200 - 91ms 
[2026-05-28T17:58:00.790Z] [INFO] GET /api/v1/reports/kpis 200 - 393ms 
[2026-05-28T17:58:00.802Z] [INFO] GET /api/v1/reports/inventory 200 - 104ms 
[2026-05-28T17:58:05.091Z] [INFO] GET /api/v1/pricing/price-lists 200 - 13ms 
[2026-05-28T17:58:05.095Z] [INFO] GET /api/v1/pricing/history 200 - 14ms 
[2026-05-28T17:58:09.059Z] [INFO] GET /api/v1/inventory/movements 200 - 8ms 
[2026-05-28T17:58:09.065Z] [INFO] GET /api/v1/inventory 200 - 16ms 
[2026-05-28T17:58:09.069Z] [INFO] GET /api/v1/inventory/alerts/low-stock 200 - 16ms 
[2026-05-28T17:58:12.711Z] [INFO] GET /api/v1/orders?page=1&limit=10 200 - 10ms 
[2026-05-28T17:58:14.255Z] [INFO] GET /api/v1/orders/51bbfab1-47f5-45db-a04a-e0b95182baf6 200 - 14ms 
[2026-05-28T17:58:18.578Z] [INFO] GET /api/v1/customers 200 - 9ms 
[2026-05-28T17:58:18.630Z] [INFO] GET /api/v1/products 200 - 59ms 
[2026-05-28T17:58:29.035Z] [INFO] GET /api/v1/customers?page=1 200 - 9ms 
[2026-05-28T17:58:30.865Z] [INFO] GET /api/v1/reports/sales 200 - 8ms 
[2026-05-28T17:58:41.578Z] [INFO] GET /api/v1/inventory 200 - 25ms 
[2026-05-28T17:58:41.582Z] [INFO] GET /api/v1/inventory/movements 200 - 27ms 
[2026-05-29T14:39:22.132Z] [INFO] ✅ Database connected successfully 
[2026-05-29T15:43:50.021Z] [INFO] GET /api/v1/reports/sales 200 - 1263ms 
[2026-05-29T15:44:46.370Z] [INFO] GET /api/v1/customers?page=1 200 - 220ms 
[2026-05-29T15:44:50.675Z] [INFO] GET /api/v1/inventory 200 - 36ms 
[2026-05-29T15:44:50.685Z] [INFO] GET /api/v1/inventory/movements 200 - 43ms 
[2026-05-29T15:44:50.698Z] [INFO] GET /api/v1/inventory/alerts/low-stock 200 - 52ms 
[2026-05-29T15:45:22.764Z] [INFO] GET /api/v1/inventory 200 - 5ms 
[2026-05-29T15:45:22.765Z] [INFO] GET /api/v1/inventory/movements 200 - 5ms 
[2026-05-29T15:47:05.197Z] [INFO] GET /api/v1/inventory/alerts/low-stock 200 - 5ms 
[2026-05-29T15:47:05.199Z] [INFO] GET /api/v1/inventory/movements 200 - 10ms 
[2026-05-29T15:47:05.202Z] [INFO] GET /api/v1/inventory 200 - 16ms 
[2026-05-29T16:00:04.400Z] [INFO] GET /api/v1/inventory 200 - 61ms 
[2026-05-29T16:00:04.402Z] [INFO] GET /api/v1/inventory/alerts/low-stock 200 - 60ms 
[2026-05-29T16:00:04.501Z] [INFO] GET /api/v1/inventory/movements 200 - 161ms 
[2026-05-29T16:01:27.294Z] [INFO] GET /api/v1/inventory/alerts/low-stock 200 - 6ms 
[2026-05-29T16:01:27.296Z] [INFO] GET /api/v1/inventory/movements 200 - 10ms 
[2026-05-29T16:01:27.302Z] [INFO] GET /api/v1/inventory 200 - 18ms 
[2026-05-29T16:02:12.633Z] [INFO] GET /api/v1/inventory 200 - 8ms 
[2026-05-29T16:02:12.634Z] [INFO] GET /api/v1/inventory/movements 200 - 5ms 
[2026-05-29T16:02:27.414Z] [INFO] GET /api/v1/inventory/alerts/low-stock 200 - 5ms 
[2026-05-29T16:03:25.332Z] [INFO] GET /api/v1/inventory 200 - 6ms 
[2026-05-29T16:03:25.335Z] [INFO] GET /api/v1/inventory/movements 200 - 7ms 
[2026-05-29T16:03:25.337Z] [INFO] GET /api/v1/inventory/alerts/low-stock 200 - 7ms 
[2026-05-29T16:03:57.053Z] [INFO] GET /api/v1/products?page=1&limit=10&search= 200 - 430ms 
[2026-05-29T16:03:58.664Z] [INFO] GET /api/v1/products/4631b140-5310-4432-a0c4-34bade0395d4 200 - 39ms 
[2026-05-29T16:04:13.564Z] [INFO] GET /api/v1/inventory 200 - 6ms 
[2026-05-29T16:04:13.569Z] [INFO] GET /api/v1/inventory/movements 200 - 9ms 
[2026-05-29T16:04:18.091Z] [INFO] GET /api/v1/customers?page=1 200 - 11ms 
[2026-05-29T16:04:19.182Z] [INFO] GET /api/v1/customers/types 200 - 3ms 
[2026-05-29T16:04:25.423Z] [INFO] GET /api/v1/products/units 200 - 7ms 
[2026-05-29T16:04:25.424Z] [INFO] GET /api/v1/products/categories 200 - 6ms 
[2026-05-29T16:04:25.429Z] [INFO] GET /api/v1/suppliers?page=1&limit=20 304 - 8ms 
[2026-05-29T16:04:27.948Z] [INFO] GET /api/v1/products/da92e83e-fbfe-4706-8d19-21c78f1f7158 200 - 4ms 
[2026-05-29T16:04:30.699Z] [INFO] GET /api/v1/pricing/history 200 - 98ms 
[2026-05-29T16:04:30.703Z] [INFO] GET /api/v1/pricing/price-lists 200 - 105ms 
[2026-05-29T16:04:34.342Z] [INFO] GET /api/v1/reports/inventory 200 - 4ms 
[2026-05-29T16:04:34.345Z] [INFO] GET /api/v1/reports/sales 200 - 8ms 
[2026-05-29T16:04:34.452Z] [INFO] GET /api/v1/reports/kpis 200 - 118ms 
[2026-05-29T16:04:37.214Z] [INFO] GET /api/v1/suppliers?page=1&limit=20 304 - 7ms 
[2026-05-29T16:04:40.657Z] [INFO] GET /api/v1/suppliers/55a0e9ee-de6d-4895-8875-6ade08f131ff 200 - 2ms 
[2026-05-29T16:04:45.049Z] [INFO] GET /api/v1/inventory 200 - 7ms 
[2026-05-29T16:04:45.050Z] [INFO] GET /api/v1/inventory/movements 200 - 6ms 
[2026-05-29T16:04:45.052Z] [INFO] GET /api/v1/inventory/alerts/low-stock 200 - 6ms 
[2026-05-29T16:05:17.497Z] [INFO] GET /api/v1/orders?page=1&limit=10 200 - 434ms 
[2026-05-29T16:05:17.556Z] [INFO] GET /api/v1/inventory/movements 200 - 6ms 
[2026-05-29T16:05:17.559Z] [INFO] GET /api/v1/inventory 200 - 11ms 
[2026-05-29T16:17:24.725Z] [INFO] GET /api/v1/inventory/movements 200 - 156ms 
[2026-05-29T16:17:24.753Z] [INFO] GET /api/v1/inventory/alerts/low-stock 200 - 181ms 
[2026-05-29T16:17:24.775Z] [INFO] GET /api/v1/inventory 200 - 210ms 
[2026-05-29T16:17:56.516Z] [INFO] GET /api/v1/inventory 200 - 3ms 
[2026-05-29T16:17:56.523Z] [INFO] GET /api/v1/inventory/movements 200 - 9ms 
[2026-05-29T16:21:14.510Z] [INFO] GET /api/v1/inventory 200 - 4ms 
[2026-05-29T16:21:14.549Z] [INFO] GET /api/v1/inventory/alerts/low-stock 200 - 40ms 
[2026-05-29T16:21:14.550Z] [INFO] GET /api/v1/inventory/movements 200 - 43ms 
[2026-05-29T16:22:45.583Z] [INFO] GET /api/v1/inventory/movements 200 - 69ms 
[2026-05-29T16:22:45.687Z] [INFO] GET /api/v1/inventory 200 - 176ms 
[2026-05-29T16:22:45.715Z] [INFO] GET /api/v1/inventory/alerts/low-stock 200 - 197ms 
[2026-05-29T16:23:51.760Z] [INFO] GET /api/v1/inventory 200 - 9ms 
[2026-05-29T16:23:51.781Z] [INFO] GET /api/v1/inventory/alerts/low-stock 200 - 24ms 
[2026-05-29T16:23:51.782Z] [INFO] GET /api/v1/inventory/movements 200 - 28ms 
[2026-05-29T16:28:20.617Z] [INFO] GET /api/v1/inventory/movements 200 - 80ms 
[2026-05-29T16:28:20.619Z] [INFO] GET /api/v1/inventory 200 - 83ms 
[2026-05-29T16:28:20.693Z] [INFO] GET /api/v1/inventory/alerts/low-stock 200 - 154ms 
[2026-05-29T16:30:46.525Z] [INFO] GET /api/v1/inventory 200 - 9ms 
[2026-05-29T16:30:46.528Z] [INFO] GET /api/v1/inventory/alerts/low-stock 200 - 6ms 
[2026-05-29T16:30:46.530Z] [INFO] GET /api/v1/inventory/movements 200 - 11ms 
[2026-05-29T16:31:16.871Z] [INFO] GET /api/v1/inventory 200 - 8ms 
[2026-05-29T16:31:16.874Z] [INFO] GET /api/v1/inventory/alerts/low-stock 200 - 5ms 
[2026-05-29T16:31:16.876Z] [INFO] GET /api/v1/inventory/movements 200 - 9ms 
[2026-05-29T16:34:29.588Z] [INFO] GET /api/v1/inventory/movements 200 - 55ms 
[2026-05-29T16:34:29.592Z] [INFO] GET /api/v1/inventory 200 - 62ms 
[2026-05-29T16:34:29.595Z] [INFO] GET /api/v1/inventory/alerts/low-stock 200 - 64ms 
[2026-05-29T16:40:07.637Z] [INFO] GET /api/v1/inventory/movements 200 - 203ms 
[2026-05-29T16:40:07.681Z] [INFO] GET /api/v1/inventory 200 - 265ms 
[2026-05-29T16:40:07.719Z] [INFO] GET /api/v1/inventory/alerts/low-stock 200 - 308ms 
[2026-05-29T16:42:23.109Z] [INFO] GET /api/v1/inventory 200 - 4ms 
[2026-05-29T16:42:23.111Z] [INFO] GET /api/v1/inventory/alerts/low-stock 200 - 3ms 
[2026-05-29T16:42:23.113Z] [INFO] GET /api/v1/inventory/movements 200 - 6ms 
[2026-05-29T16:43:06.581Z] [INFO] GET /api/v1/inventory 200 - 25ms 
[2026-05-29T16:43:06.583Z] [INFO] GET /api/v1/inventory/movements 200 - 25ms 
[2026-05-29T16:43:31.022Z] [INFO] GET /api/v1/inventory 200 - 5ms 
[2026-05-29T16:43:31.049Z] [INFO] GET /api/v1/inventory/alerts/low-stock 200 - 29ms 
[2026-05-29T16:43:31.159Z] [INFO] GET /api/v1/inventory/movements 200 - 141ms 
[2026-05-29T17:17:06.975Z] [INFO] GET /api/v1/inventory 401 - 1558ms 
[2026-05-29T17:17:07.012Z] [INFO] GET /api/v1/inventory/movements 401 - 7ms 
[2026-05-29T17:17:07.088Z] [INFO] GET /api/v1/inventory/alerts/low-stock 401 - 75ms 
[2026-05-29T17:17:14.810Z] [INFO] POST /api/v1/auth/login 200 - 1569ms 
[2026-05-29T17:17:15.050Z] [INFO] GET /api/v1/reports/sales 200 - 37ms 
[2026-05-29T17:17:16.997Z] [INFO] GET /api/v1/products?page=1&limit=10&search= 200 - 188ms 
[2026-05-29T17:17:17.683Z] [INFO] GET /api/v1/customers?page=1 200 - 32ms 
[2026-05-29T17:17:18.449Z] [INFO] GET /api/v1/inventory/movements 200 - 6ms 
[2026-05-29T17:17:18.494Z] [INFO] GET /api/v1/inventory/alerts/low-stock 200 - 50ms 
[2026-05-29T17:17:18.635Z] [INFO] GET /api/v1/inventory 200 - 194ms 
[2026-05-29T17:18:20.446Z] [INFO] GET /api/v1/inventory 200 - 5ms 
[2026-05-29T17:18:20.449Z] [INFO] GET /api/v1/inventory/alerts/low-stock 200 - 5ms 
[2026-05-29T17:18:20.451Z] [INFO] GET /api/v1/inventory/movements 200 - 9ms 
[2026-05-29T17:19:14.699Z] [INFO] GET /api/v1/inventory 200 - 29ms 
[2026-05-29T17:19:14.700Z] [INFO] GET /api/v1/inventory/movements 200 - 28ms 
[2026-05-29T17:19:52.825Z] [INFO] GET /api/v1/inventory 200 - 5ms 
[2026-05-29T17:19:52.827Z] [INFO] GET /api/v1/inventory/movements 200 - 6ms 
[2026-05-29T17:19:52.828Z] [INFO] GET /api/v1/inventory/alerts/low-stock 200 - 5ms 
[2026-05-29T17:20:50.006Z] [INFO] GET /api/v1/products?page=1&limit=10&search= 200 - 18ms 
[2026-05-29T17:20:51.787Z] [INFO] GET /api/v1/products/bdf9f3ed-8b8f-4f5e-b609-abb40773dca2 200 - 15ms 
[2026-05-29T17:20:56.262Z] [INFO] GET /api/v1/products/units 200 - 47ms 
[2026-05-29T17:20:56.263Z] [INFO] GET /api/v1/products/categories 200 - 39ms 
[2026-05-29T17:20:56.265Z] [INFO] GET /api/v1/suppliers?page=1&limit=20 304 - 39ms 
[2026-05-29T17:22:07.191Z] [INFO] GET /api/v1/inventory 200 - 8ms 
[2026-05-29T17:22:07.194Z] [INFO] GET /api/v1/inventory/movements 200 - 9ms 
[2026-05-29T17:22:07.196Z] [INFO] GET /api/v1/inventory/alerts/low-stock 200 - 7ms 
[2026-05-29T17:22:15.978Z] [INFO] GET /api/v1/orders?page=1&limit=10 200 - 87ms 
[2026-05-29T17:22:17.773Z] [INFO] GET /api/v1/orders/51bbfab1-47f5-45db-a04a-e0b95182baf6 200 - 73ms 
[2026-05-29T17:22:20.038Z] [INFO] POST /api/v1/orders/51bbfab1-47f5-45db-a04a-e0b95182baf6/confirm 400 - 479ms 
[2026-05-29T17:22:22.460Z] [INFO] POST /api/v1/orders/51bbfab1-47f5-45db-a04a-e0b95182baf6/confirm 400 - 141ms 
[2026-05-29T17:22:24.290Z] [INFO] GET /api/v1/reports/sales 200 - 5ms 
[2026-05-29T17:22:24.294Z] [INFO] GET /api/v1/reports/inventory 200 - 7ms 
[2026-05-29T17:22:24.455Z] [INFO] GET /api/v1/reports/kpis 200 - 171ms 
[2026-05-29T17:22:24.969Z] [INFO] GET /api/v1/suppliers?page=1&limit=20 304 - 7ms 
[2026-05-30T16:23:01.896Z] [INFO] ✅ Database connected successfully 
[2026-05-30T16:23:02.347Z] [INFO] GET /api/v1/reports/sales 200 - 1417ms 
[2026-05-30T16:23:07.984Z] [INFO] GET /api/v1/customers?page=1 200 - 344ms 
[2026-05-30T16:23:28.955Z] [INFO] GET /api/v1/customers/CUST-00002 200 - 81ms 
[2026-05-30T16:27:29.520Z] [INFO] GET /api/v1/customers?page=1 200 - 8ms 
[2026-05-30T16:27:30.721Z] [INFO] GET /api/v1/customers/CUST-00002 200 - 10ms 
[2026-05-30T16:31:51.750Z] [INFO] GET /api/v1/orders?page=1&limit=10 200 - 202ms 
[2026-05-30T16:31:53.968Z] [INFO] GET /api/v1/customers 200 - 11ms 
[2026-05-30T16:31:54.168Z] [INFO] GET /api/v1/products 200 - 208ms 
[2026-05-30T16:32:29.105Z] [INFO] POST /api/v1/orders 400 - 42ms 
[2026-05-30T16:33:26.585Z] [INFO] GET /api/v1/products?page=1&limit=10&search= 200 - 29ms 
[2026-05-30T16:33:26.962Z] [INFO] GET /api/v1/customers?page=1 200 - 10ms 
[2026-05-30T16:33:27.925Z] [INFO] GET /api/v1/customers/11d8540e-51c9-4545-b87a-21a0bbc516c3 200 - 12ms 
[2026-05-30T16:39:17.204Z] [INFO] GET /api/v1/customers/11d8540e-51c9-4545-b87a-21a0bbc516c3 200 - 74ms 
[2026-05-30T16:39:17.255Z] [INFO] GET /api/v1/customers?page=1 200 - 128ms 
[2026-05-30T16:39:41.984Z] [INFO] GET /api/v1/customers?page=1 200 - 10ms 
[2026-05-30T16:39:42.988Z] [INFO] GET /api/v1/products?page=1&limit=10&search= 200 - 311ms 
[2026-05-30T16:39:43.876Z] [INFO] GET /api/v1/products/da92e83e-fbfe-4706-8d19-21c78f1f7158 200 - 44ms 
[2026-05-30T16:40:09.240Z] [INFO] GET /api/v1/products?page=1&limit=10&search= 200 - 13ms 
[2026-05-30T16:40:10.205Z] [INFO] GET /api/v1/products/da92e83e-fbfe-4706-8d19-21c78f1f7158 200 - 16ms 
[2026-05-30T16:40:18.178Z] [INFO] GET /api/v1/products/4631b140-5310-4432-a0c4-34bade0395d4 200 - 5ms 
[2026-05-30T16:40:22.670Z] [INFO] GET /api/v1/products/bdf9f3ed-8b8f-4f5e-b609-abb40773dca2 200 - 139ms 
[2026-05-30T16:40:29.904Z] [INFO] GET /api/v1/customers?page=1 200 - 6ms 
[2026-05-30T16:40:30.804Z] [INFO] GET /api/v1/customers/11d8540e-51c9-4545-b87a-21a0bbc516c3 200 - 17ms 
[2026-05-30T16:40:38.253Z] [INFO] GET /api/v1/inventory 200 - 117ms 
[2026-05-30T16:40:38.257Z] [INFO] GET /api/v1/inventory/alerts/low-stock 200 - 28ms 
[2026-05-30T16:40:38.297Z] [INFO] GET /api/v1/inventory/movements 200 - 69ms 
[2026-05-30T16:40:40.062Z] [INFO] GET /api/v1/orders?page=1&limit=10 200 - 13ms 
[2026-05-30T16:40:42.127Z] [INFO] GET /api/v1/customers 200 - 5ms 
[2026-05-30T16:40:42.130Z] [INFO] GET /api/v1/products 200 - 7ms 
[2026-05-30T16:40:54.739Z] [INFO] POST /api/v1/orders 400 - 34ms 
[2026-05-30T17:57:15.384Z] [INFO] ✅ Database connected successfully 
[2026-05-30T18:01:21.039Z] [INFO] GET /api/v1/reports/sales 401 - 34ms 
[2026-05-30T18:01:24.144Z] [INFO] POST /api/v1/auth/login 200 - 996ms 
[2026-05-30T18:01:24.296Z] [INFO] GET /api/v1/reports/sales 200 - 62ms 
[2026-05-30T18:01:28.825Z] [INFO] GET /api/v1/products?page=1&limit=10&search= 200 - 464ms 
[2026-05-30T18:01:29.823Z] [INFO] GET /api/v1/products/da92e83e-fbfe-4706-8d19-21c78f1f7158 200 - 12ms 
[2026-05-30T18:02:17.534Z] [INFO] GET /api/v1/products?page=1&limit=10&search= 200 - 215ms 
[2026-05-30T18:02:50.759Z] [INFO] GET /api/v1/products/da92e83e-fbfe-4706-8d19-21c78f1f7158 200 - 14ms 
[2026-05-30T18:03:08.366Z] [INFO] GET /api/v1/products?page=1&limit=10&search= 200 - 7ms 
[2026-05-30T18:03:14.980Z] [INFO] GET /api/v1/products/bdf9f3ed-8b8f-4f5e-b609-abb40773dca2 200 - 15ms 
[2026-05-30T18:05:57.749Z] [INFO] GET /api/v1/products?page=1&limit=10&search= 200 - 13ms 
[2026-05-30T18:06:01.030Z] [INFO] GET /api/v1/products/da92e83e-fbfe-4706-8d19-21c78f1f7158 200 - 5ms 
[2026-05-30T18:06:46.205Z] [INFO] GET /api/v1/products?page=1&limit=10&search= 200 - 190ms 
[2026-05-30T18:06:46.971Z] [INFO] GET /api/v1/products/da92e83e-fbfe-4706-8d19-21c78f1f7158 200 - 9ms 
[2026-05-30T18:07:02.415Z] [INFO] GET /api/v1/products/da92e83e-fbfe-4706-8d19-21c78f1f7158 200 - 6ms 
[2026-05-30T18:07:11.530Z] [INFO] GET /api/v1/products/da92e83e-fbfe-4706-8d19-21c78f1f7158 200 - 3ms 
[2026-05-30T18:07:14.519Z] [INFO] GET /api/v1/products/da92e83e-fbfe-4706-8d19-21c78f1f7158 200 - 4ms 
[2026-05-30T18:07:16.195Z] [INFO] GET /api/v1/products/da92e83e-fbfe-4706-8d19-21c78f1f7158 200 - 11ms 
[2026-05-30T18:07:32.076Z] [INFO] GET /api/v1/products/bdf9f3ed-8b8f-4f5e-b609-abb40773dca2 200 - 7ms 
[2026-05-30T18:07:33.936Z] [INFO] GET /api/v1/orders?page=1&limit=10 200 - 95ms 
[2026-05-30T18:07:39.353Z] [INFO] GET /api/v1/inventory/movements 200 - 28ms 
[2026-05-30T18:07:39.360Z] [INFO] GET /api/v1/inventory 200 - 21ms 
[2026-05-30T18:07:39.582Z] [INFO] GET /api/v1/inventory/alerts/low-stock 200 - 237ms 
[2026-05-30T18:08:33.602Z] [INFO] GET /api/v1/inventory 200 - 8ms 
[2026-05-30T18:08:33.608Z] [INFO] GET /api/v1/inventory/movements 200 - 11ms 
[2026-05-30T18:08:36.776Z] [INFO] GET /api/v1/pricing/price-lists 200 - 76ms 
[2026-05-30T18:08:36.779Z] [INFO] GET /api/v1/pricing/history 200 - 72ms 
[2026-05-30T18:08:43.405Z] [INFO] GET /api/v1/inventory/alerts/low-stock 200 - 5ms 
[2026-05-30T18:08:46.222Z] [INFO] GET /api/v1/orders/51bbfab1-47f5-45db-a04a-e0b95182baf6 200 - 132ms 
[2026-05-30T18:08:52.480Z] [INFO] GET /api/v1/customers 200 - 16ms 
[2026-05-30T18:08:52.715Z] [INFO] GET /api/v1/products 200 - 249ms 
[2026-05-30T18:09:00.038Z] [INFO] POST /api/v1/orders 400 - 18ms 
[2026-05-30T18:13:19.717Z] [INFO] GET /api/v1/orders?page=1&limit=10 200 - 191ms 
[2026-05-30T18:13:38.497Z] [INFO] GET /api/v1/orders?page=1&limit=10&status=CONFIRMED 200 - 4ms 
[2026-05-30T18:13:40.531Z] [INFO] GET /api/v1/orders?page=1&limit=10&status=DRAFT 200 - 12ms 
[2026-05-30T18:13:41.648Z] [INFO] GET /api/v1/orders?page=1&limit=10&status=DISPATCHED 200 - 2ms 
[2026-05-30T18:13:42.688Z] [INFO] GET /api/v1/orders?page=1&limit=10&status=DELIVERED 200 - 4ms 
[2026-05-30T18:19:34.571Z] [INFO] GET /api/v1/orders?page=1&limit=10 200 - 254ms 
[2026-05-30T18:19:39.030Z] [INFO] GET /api/v1/orders?page=1&limit=10 200 - 24ms 
[2026-05-30T18:19:53.518Z] [INFO] GET /api/v1/customers 200 - 32ms 
[2026-05-30T18:19:53.600Z] [INFO] GET /api/v1/products 200 - 108ms 
[2026-05-30T18:21:03.073Z] [INFO] GET /api/v1/orders?page=1&limit=10 200 - 10ms 
[2026-05-30T18:21:05.143Z] [INFO] GET /api/v1/customers 200 - 15ms 
[2026-05-30T18:21:05.260Z] [INFO] GET /api/v1/products 200 - 129ms 
[2026-05-30T18:21:18.854Z] [INFO] GET /api/v1/orders?page=1&limit=10 200 - 11ms 
[2026-05-30T18:21:20.605Z] [INFO] GET /api/v1/customers 200 - 9ms 
[2026-05-30T18:21:20.613Z] [INFO] GET /api/v1/products 200 - 15ms 
[2026-05-30T18:21:49.023Z] [INFO] GET /api/v1/orders?page=1&limit=10 200 - 15ms 
[2026-05-30T18:21:50.661Z] [INFO] GET /api/v1/customers 200 - 22ms 
[2026-05-30T18:21:50.680Z] [INFO] GET /api/v1/products 200 - 37ms 
[2026-05-30T18:22:22.434Z] [INFO] POST /api/v1/orders 400 - 108ms 
[2026-05-30T18:24:19.521Z] [INFO] GET /api/v1/customers?page=1 200 - 16ms 
[2026-05-30T18:24:24.999Z] [INFO] GET /api/v1/customers?page=1 200 - 5ms 
[2026-05-30T18:24:45.017Z] [INFO] GET /api/v1/customers/types 200 - 151ms 
[2026-05-30T18:24:51.570Z] [INFO] GET /api/v1/orders?page=1&limit=10 200 - 13ms 
[2026-05-30T18:24:52.950Z] [INFO] GET /api/v1/customers 200 - 8ms 
[2026-05-30T18:24:52.955Z] [INFO] GET /api/v1/products 200 - 11ms 
[2026-05-30T18:25:05.070Z] [INFO] Order created {"orderId":"de4d552d-d3a1-40e9-916e-25f06fa406ed"}
[2026-05-30T18:25:05.071Z] [INFO] POST /api/v1/orders 201 - 712ms 
[2026-05-30T18:25:05.094Z] [INFO] GET /api/v1/orders?page=1&limit=10 200 - 16ms 
[2026-05-30T18:25:06.893Z] [INFO] GET /api/v1/orders/de4d552d-d3a1-40e9-916e-25f06fa406ed 200 - 14ms 
[2026-05-30T18:25:25.381Z] [INFO] GET /api/v1/products?page=1&limit=10&search= 200 - 15ms 
[2026-05-30T18:25:27.818Z] [INFO] GET /api/v1/products/da92e83e-fbfe-4706-8d19-21c78f1f7158 200 - 435ms 
[2026-05-30T18:25:36.821Z] [INFO] GET /api/v1/customers/11d8540e-51c9-4545-b87a-21a0bbc516c3 200 - 8ms 
[2026-05-30T18:25:38.659Z] [INFO] GET /api/v1/customers/CUST-00002 200 - 110ms 
[2026-05-31T03:49:59.174Z] [INFO] ✅ Database connected successfully 
[2026-05-31T03:50:42.929Z] [INFO] GET /api/v1/reports/sales 200 - 885ms 
[2026-05-31T04:01:15.695Z] [INFO] GET /api/v1/reports/sales 200 - 177ms 
[2026-05-31T04:12:14.143Z] [INFO] GET /api/v1/reports/sales 200 - 129ms 
[2026-05-31T04:12:16.012Z] [INFO] GET /api/v1/customers?page=1 200 - 358ms 
[2026-05-31T04:12:20.931Z] [INFO] GET /api/v1/customers/11d8540e-51c9-4545-b87a-21a0bbc516c3 200 - 13ms 
[2026-05-31T04:12:31.577Z] [INFO] GET /api/v1/orders?page=1&limit=10 200 - 15ms 
[2026-05-31T04:12:34.387Z] [INFO] GET /api/v1/orders/de4d552d-d3a1-40e9-916e-25f06fa406ed 200 - 149ms 
[2026-05-31T04:12:54.416Z] [INFO] GET /api/v1/products?page=1&limit=10&search= 200 - 148ms 
[2026-05-31T04:12:56.587Z] [INFO] GET /api/v1/products/categories 200 - 204ms 
[2026-05-31T04:12:56.591Z] [INFO] GET /api/v1/products/units 200 - 210ms 
[2026-05-31T04:12:56.616Z] [INFO] GET /api/v1/suppliers?page=1&limit=20 304 - 231ms 
[2026-05-31T04:14:11.465Z] [INFO] POST /api/v1/products 400 - 16ms 
[2026-05-31T04:18:25.103Z] [INFO] GET /api/v1/products?page=1&limit=10&search= 200 - 80ms 
[2026-05-31T04:18:25.445Z] [INFO] GET /api/v1/suppliers?page=1&limit=20 304 - 413ms 
[2026-05-31T04:18:25.451Z] [INFO] GET /api/v1/products/units 200 - 423ms 
[2026-05-31T04:18:25.470Z] [INFO] GET /api/v1/products/categories 200 - 445ms 
[2026-05-31T04:28:07.643Z] [INFO] GET /api/v1/products/units 200 - 77ms 
[2026-05-31T04:28:07.662Z] [INFO] GET /api/v1/products/categories 200 - 93ms 
[2026-05-31T04:28:07.672Z] [INFO] GET /api/v1/suppliers?page=1&limit=20 304 - 101ms 
[2026-05-31T04:28:11.728Z] [INFO] GET /api/v1/products?page=1&limit=10&search= 200 - 17ms 
[2026-05-31T04:28:13.261Z] [INFO] GET /api/v1/products?page=1&limit=10&search= 200 - 13ms 
[2026-05-31T04:28:19.272Z] [INFO] GET /api/v1/products/units 200 - 4ms 
[2026-05-31T04:28:19.273Z] [INFO] GET /api/v1/products/categories 200 - 4ms 
[2026-05-31T04:28:19.277Z] [INFO] GET /api/v1/suppliers?page=1&limit=20 304 - 7ms 
[2026-05-31T04:29:36.749Z] [INFO] GET /api/v1/products?page=1&limit=10&search= 200 - 4ms 
[2026-05-31T04:29:38.124Z] [INFO] GET /api/v1/products/units 200 - 5ms 
[2026-05-31T04:29:38.126Z] [INFO] GET /api/v1/products/categories 200 - 5ms 
[2026-05-31T04:29:38.131Z] [INFO] GET /api/v1/suppliers?page=1&limit=20 304 - 8ms 
[2026-05-31T04:30:38.341Z] [INFO] Product created {"productId":"748864e3-5e27-4646-b37b-bf7a314f5aa0"}
[2026-05-31T04:30:38.344Z] [INFO] POST /api/v1/products 201 - 298ms 
[2026-05-31T04:30:38.376Z] [INFO] GET /api/v1/products?page=1&limit=10&search= 200 - 8ms 
[2026-05-31T04:30:44.697Z] [INFO] GET /api/v1/orders?page=1&limit=10 200 - 44ms 
[2026-05-31T04:30:45.950Z] [INFO] GET /api/v1/customers 200 - 9ms 
[2026-05-31T04:30:46.083Z] [INFO] GET /api/v1/products 200 - 141ms 
[2026-05-31T04:31:16.021Z] [INFO] Order created {"orderId":"c0372d64-0f47-4f57-b60b-b9b31f9f5cd0"}
[2026-05-31T04:31:16.022Z] [INFO] POST /api/v1/orders 201 - 215ms 
[2026-05-31T04:31:16.042Z] [INFO] GET /api/v1/orders?page=1&limit=10 200 - 13ms 
[2026-05-31T04:31:19.543Z] [INFO] GET /api/v1/orders/c0372d64-0f47-4f57-b60b-b9b31f9f5cd0 200 - 8ms 
[2026-05-31T04:31:37.870Z] [INFO] GET /api/v1/products?page=1&limit=10&search= 200 - 4ms 
[2026-05-31T04:31:38.757Z] [INFO] GET /api/v1/products/units 200 - 5ms 
[2026-05-31T04:31:38.761Z] [INFO] GET /api/v1/products/categories 200 - 6ms 
[2026-05-31T04:31:38.765Z] [INFO] GET /api/v1/suppliers?page=1&limit=20 304 - 6ms 
[2026-05-31T04:31:48.051Z] [INFO] GET /api/v1/suppliers?page=1&limit=20 304 - 4ms 
[2026-05-31T04:31:51.537Z] [INFO] GET /api/v1/customers?page=1 200 - 8ms 
[2026-05-31T04:31:53.188Z] [INFO] GET /api/v1/customers/11d8540e-51c9-4545-b87a-21a0bbc516c3 200 - 9ms 
[2026-05-31T04:32:00.612Z] [INFO] GET /api/v1/customers/CUST-00002 200 - 5ms 
[2026-05-31T04:32:03.241Z] [INFO] GET /api/v1/suppliers/55a0e9ee-de6d-4895-8875-6ade08f131ff 200 - 2ms 
[2026-05-31T04:32:07.257Z] [INFO] GET /api/v1/inventory/movements 200 - 38ms 
[2026-05-31T04:32:07.277Z] [INFO] GET /api/v1/inventory 200 - 62ms 
[2026-05-31T04:32:07.280Z] [INFO] GET /api/v1/inventory/alerts/low-stock 200 - 57ms 
[2026-05-31T04:32:08.575Z] [INFO] GET /api/v1/orders?page=1&limit=10 200 - 9ms 
[2026-05-31T04:32:11.566Z] [INFO] GET /api/v1/pricing/price-lists 200 - 8ms 
[2026-05-31T04:32:11.567Z] [INFO] GET /api/v1/pricing/history 200 - 7ms 
[2026-05-31T04:32:14.121Z] [INFO] GET /api/v1/customers 200 - 9ms 
[2026-05-31T04:32:14.152Z] [INFO] GET /api/v1/products 200 - 38ms 
[2026-05-31T04:32:17.124Z] [INFO] GET /api/v1/orders/c0372d64-0f47-4f57-b60b-b9b31f9f5cd0 200 - 6ms 
[2026-05-31T04:32:23.618Z] [INFO] POST /api/v1/orders/c0372d64-0f47-4f57-b60b-b9b31f9f5cd0/confirm 400 - 109ms 
[2026-05-31T04:32:35.659Z] [INFO] GET /api/v1/products/748864e3-5e27-4646-b37b-bf7a314f5aa0 200 - 6ms 
[2026-05-31T04:43:53.435Z] [INFO] GET /api/v1/suppliers?page=1&limit=20 304 - 58ms 
[2026-05-31T04:43:59.813Z] [INFO] GET /api/v1/orders?page=1&limit=10 200 - 233ms 
[2026-05-31T04:46:14.989Z] [INFO] GET /api/v1/orders/c0372d64-0f47-4f57-b60b-b9b31f9f5cd0 200 - 16ms 
[2026-05-31T04:46:16.046Z] [INFO] POST /api/v1/orders/c0372d64-0f47-4f57-b60b-b9b31f9f5cd0/confirm 400 - 52ms 
[2026-05-31T05:24:47.300Z] [INFO] GET /api/v1/orders/c0372d64-0f47-4f57-b60b-b9b31f9f5cd0 200 - 165ms 
[2026-05-31T05:29:07.743Z] [INFO] GET /api/v1/products?page=1&limit=10&search= 200 - 79ms 
[2026-05-31T05:29:08.343Z] [INFO] GET /api/v1/customers?page=1 200 - 12ms 
[2026-05-31T05:29:09.725Z] [INFO] GET /api/v1/reports/kpis 200 - 9ms 
[2026-05-31T05:29:09.728Z] [INFO] GET /api/v1/reports/inventory 200 - 14ms 
[2026-05-31T05:29:09.771Z] [INFO] GET /api/v1/reports/sales 200 - 53ms 
[2026-05-31T05:29:12.154Z] [INFO] GET /api/v1/suppliers?page=1&limit=20 304 - 7ms 
[2026-05-31T05:29:13.978Z] [INFO] GET /api/v1/pricing/price-lists 200 - 9ms 
[2026-05-31T05:29:13.980Z] [INFO] GET /api/v1/pricing/history 200 - 9ms 
[2026-05-31T05:29:14.400Z] [INFO] GET /api/v1/inventory 200 - 7ms 
[2026-05-31T05:29:14.495Z] [INFO] GET /api/v1/inventory/movements 200 - 99ms 
[2026-05-31T05:29:14.496Z] [INFO] GET /api/v1/inventory/alerts/low-stock 200 - 98ms 
[2026-05-31T05:30:04.787Z] [INFO] GET /api/v1/inventory 200 - 5ms 
[2026-05-31T05:30:04.789Z] [INFO] GET /api/v1/inventory/movements 200 - 6ms 
[2026-05-31T05:32:25.196Z] [INFO] GET /api/v1/reports/sales 200 - 17ms 
[2026-05-31T05:36:36.852Z] [INFO] GET /api/v1/inventory 200 - 58ms 
[2026-05-31T05:36:36.946Z] [INFO] GET /api/v1/inventory/movements 200 - 150ms 
[2026-05-31T05:36:36.968Z] [INFO] GET /api/v1/inventory/alerts/low-stock 200 - 169ms 
[2026-05-31T06:12:01.050Z] [INFO] GET /api/v1/inventory/movements 200 - 156ms 
[2026-05-31T06:12:01.076Z] [INFO] GET /api/v1/inventory 200 - 185ms 
[2026-05-31T06:12:01.143Z] [INFO] GET /api/v1/inventory/alerts/low-stock 200 - 247ms 
[2026-05-31T06:13:12.454Z] [INFO] GET /api/v1/inventory 200 - 7ms 
[2026-05-31T06:13:12.458Z] [INFO] GET /api/v1/inventory/alerts/low-stock 200 - 7ms 
[2026-05-31T06:13:12.480Z] [INFO] GET /api/v1/inventory/movements 200 - 31ms 
[2026-05-31T06:13:18.418Z] [INFO] GET /api/v1/orders?page=1&limit=10 200 - 35ms 
[2026-05-31T06:13:19.781Z] [INFO] GET /api/v1/orders/c0372d64-0f47-4f57-b60b-b9b31f9f5cd0 200 - 32ms 
[2026-05-31T06:13:25.375Z] [INFO] POST /api/v1/orders/c0372d64-0f47-4f57-b60b-b9b31f9f5cd0/confirm 400 - 30ms 
[2026-05-31T06:13:37.827Z] [INFO] GET /api/v1/orders?page=1&limit=10 200 - 21ms 
[2026-05-31T06:13:39.789Z] [INFO] GET /api/v1/orders/c0372d64-0f47-4f57-b60b-b9b31f9f5cd0 200 - 8ms 
[2026-05-31T06:13:40.785Z] [INFO] POST /api/v1/orders/c0372d64-0f47-4f57-b60b-b9b31f9f5cd0/confirm 400 - 96ms 
[2026-05-31T06:15:07.486Z] [INFO] GET /api/v1/orders?page=1&limit=10 200 - 16ms 
[2026-05-31T06:15:08.240Z] [INFO] GET /api/v1/customers 200 - 9ms 
[2026-05-31T06:15:08.256Z] [INFO] GET /api/v1/products 200 - 22ms 
[2026-05-31T06:15:16.802Z] [INFO] GET /api/v1/orders/c0372d64-0f47-4f57-b60b-b9b31f9f5cd0 200 - 19ms 
[2026-05-31T06:15:18.090Z] [INFO] POST /api/v1/orders/c0372d64-0f47-4f57-b60b-b9b31f9f5cd0/confirm 400 - 25ms 
[2026-05-31T06:16:20.128Z] [INFO] GET /api/v1/inventory/movements 200 - 5ms 
[2026-05-31T06:16:20.145Z] [INFO] GET /api/v1/inventory 200 - 24ms 
[2026-05-31T06:16:20.168Z] [INFO] GET /api/v1/inventory/alerts/low-stock 200 - 42ms 
[2026-05-31T06:16:36.553Z] [INFO] GET /api/v1/products?page=1&limit=10&search= 200 - 7ms 
[2026-05-31T06:16:37.842Z] [INFO] GET /api/v1/products/748864e3-5e27-4646-b37b-bf7a314f5aa0 200 - 4ms 
[2026-05-31T06:18:49.530Z] [INFO] GET /api/v1/inventory 200 - 171ms 
[2026-05-31T06:18:49.572Z] [INFO] GET /api/v1/inventory/alerts/low-stock 200 - 205ms 
[2026-05-31T06:18:49.575Z] [INFO] GET /api/v1/inventory/movements 200 - 212ms 
[2026-05-31T06:20:16.715Z] [INFO] GET /api/v1/inventory/alerts/low-stock 200 - 94ms 
[2026-05-31T06:20:16.743Z] [INFO] GET /api/v1/inventory/movements 200 - 124ms 
[2026-05-31T06:20:16.751Z] [INFO] GET /api/v1/inventory 200 - 135ms 
[2026-05-31T06:22:34.703Z] [INFO] ✅ Database connected successfully 
[2026-05-31T06:23:51.057Z] [INFO] ✅ Database connected successfully 
[2026-05-31T06:23:59.854Z] [INFO] ✅ Database connected successfully 
[2026-05-31T06:24:11.108Z] [INFO] ✅ Database connected successfully 
[2026-05-31T06:24:15.093Z] [INFO] ✅ Database connected successfully 
[2026-05-31T06:24:26.439Z] [INFO] ✅ Database connected successfully 
[2026-05-31T06:24:38.596Z] [INFO] ✅ Database connected successfully 
[2026-05-31T06:24:43.612Z] [INFO] ✅ Database connected successfully 
[2026-05-31T06:24:48.054Z] [INFO] ✅ Database connected successfully 
[2026-05-31T06:25:51.175Z] [INFO] GET /api/v1/inventory/movements 200 - 2019ms 
[2026-05-31T06:25:51.202Z] [INFO] GET /api/v1/inventory/alerts/low-stock 200 - 2043ms 
[2026-05-31T06:25:51.204Z] [INFO] GET /api/v1/inventory 200 - 2345ms 
[2026-05-31T06:26:28.142Z] [INFO] GET /api/v1/inventory 200 - 8ms 
[2026-05-31T06:26:28.151Z] [INFO] GET /api/v1/inventory/movements 200 - 13ms 
[2026-05-31T06:26:48.864Z] [INFO] ✅ Database connected successfully 
[2026-05-31T06:26:51.677Z] [INFO] ✅ Database connected successfully 
[2026-05-31T06:26:52.801Z] [INFO] ✅ Database connected successfully 
[2026-05-31T06:27:56.430Z] [INFO] GET /api/v1/inventory 200 - 33ms 
[2026-05-31T06:27:56.476Z] [INFO] GET /api/v1/inventory/alerts/low-stock 200 - 66ms 
[2026-05-31T06:27:56.502Z] [INFO] GET /api/v1/inventory/movements 200 - 96ms 
[2026-05-31T06:29:46.591Z] [INFO] GET /api/v1/inventory/alerts/low-stock 200 - 6ms 
[2026-05-31T06:29:46.594Z] [INFO] GET /api/v1/inventory/movements 200 - 12ms 
[2026-05-31T06:29:46.598Z] [INFO] GET /api/v1/inventory 200 - 19ms 
[2026-05-31T06:34:24.966Z] [INFO] GET /api/v1/inventory/alerts/low-stock 200 - 70ms 
[2026-05-31T06:34:24.978Z] [INFO] GET /api/v1/inventory 200 - 88ms 
[2026-05-31T06:34:24.981Z] [INFO] GET /api/v1/inventory/movements 200 - 88ms 
[2026-05-31T06:34:26.722Z] [INFO] GET /api/v1/inventory 200 - 9ms 
[2026-05-31T06:34:26.725Z] [INFO] GET /api/v1/inventory/alerts/low-stock 200 - 6ms 
[2026-05-31T06:34:26.727Z] [INFO] GET /api/v1/inventory/movements 200 - 11ms 
[2026-05-31T06:34:27.517Z] [INFO] GET /api/v1/customers?page=1 200 - 68ms 
[2026-05-31T06:34:28.322Z] [INFO] GET /api/v1/reports/sales 200 - 112ms 
[2026-05-31T06:34:30.073Z] [INFO] GET /api/v1/reports/sales 200 - 3ms 
[2026-05-31T07:07:06.132Z] [INFO] GET /api/v1/reports/sales 200 - 82ms 
[2026-05-31T07:09:25.077Z] [INFO] GET /api/v1/customers?page=1 200 - 65ms 
[2026-05-31T07:09:27.109Z] [INFO] GET /api/v1/suppliers?page=1&limit=20 304 - 7ms 
[2026-05-31T07:09:29.603Z] [INFO] GET /api/v1/suppliers/55a0e9ee-de6d-4895-8875-6ade08f131ff 304 - 95ms 
[2026-05-31T07:13:18.639Z] [INFO] GET /api/v1/suppliers?page=1&limit=20 200 - 10ms 
[2026-05-31T07:14:48.929Z] [INFO] POST /api/v1/suppliers 201 - 335ms 
[2026-05-31T07:14:48.954Z] [INFO] GET /api/v1/suppliers?page=1&limit=20 200 - 5ms 
[2026-05-31T07:14:50.468Z] [INFO] GET /api/v1/suppliers/e2a15425-e2b4-47db-be56-32284222d935 200 - 2ms 
[2026-05-31T07:18:14.467Z] [INFO] POST /api/v1/suppliers 201 - 84ms 
[2026-05-31T07:18:14.476Z] [INFO] GET /api/v1/suppliers?page=1&limit=20 200 - 2ms 
[2026-05-31T07:18:20.213Z] [INFO] GET /api/v1/products?page=1&limit=10&search= 200 - 126ms 
[2026-05-31T07:18:21.408Z] [INFO] GET /api/v1/customers?page=1 200 - 9ms 
[2026-05-31T07:18:22.859Z] [INFO] GET /api/v1/customers/types 200 - 21ms 
[2026-05-31T07:21:43.685Z] [INFO] GET /api/v1/customers?page=1 200 - 174ms 
[2026-05-31T07:21:44.159Z] [INFO] GET /api/v1/inventory/movements 200 - 10ms 
[2026-05-31T07:21:44.189Z] [INFO] GET /api/v1/inventory 200 - 43ms 
[2026-05-31T07:21:44.298Z] [INFO] GET /api/v1/inventory/alerts/low-stock 200 - 147ms 
[2026-05-31T07:21:45.308Z] [INFO] GET /api/v1/orders?page=1&limit=10 200 - 48ms 
[2026-05-31T07:21:46.086Z] [INFO] GET /api/v1/customers 200 - 9ms 
[2026-05-31T07:21:46.087Z] [INFO] GET /api/v1/products 200 - 8ms 
[2026-05-31T07:21:49.033Z] [INFO] GET /api/v1/reports/sales 200 - 4ms 
[2026-05-31T07:21:49.034Z] [INFO] GET /api/v1/reports/inventory 200 - 4ms 
[2026-05-31T07:21:49.162Z] [INFO] GET /api/v1/reports/kpis 200 - 135ms 
[2026-05-31T07:21:49.589Z] [INFO] GET /api/v1/suppliers?page=1&limit=20 304 - 9ms 
[2026-05-31T07:21:53.646Z] [INFO] GET /api/v1/products?page=1&limit=10&search= 200 - 7ms 
[2026-05-31T07:21:54.413Z] [INFO] GET /api/v1/products/categories 200 - 8ms 
[2026-05-31T07:21:54.415Z] [INFO] GET /api/v1/suppliers?page=1&limit=20 304 - 14ms 
[2026-05-31T07:21:54.417Z] [INFO] GET /api/v1/products/units 200 - 9ms 
[2026-05-31T07:23:23.011Z] [INFO] GET /api/v1/products?page=1&limit=10&search= 200 - 56ms 
[2026-05-31T07:23:24.057Z] [INFO] GET /api/v1/products/units 200 - 8ms 
[2026-05-31T07:23:24.059Z] [INFO] GET /api/v1/products/categories 200 - 8ms 
[2026-05-31T07:23:24.061Z] [INFO] GET /api/v1/suppliers?page=1&limit=20 304 - 8ms 
[2026-05-31T07:23:30.039Z] [INFO] GET /api/v1/customers?page=1 200 - 3ms 
[2026-05-31T07:23:30.807Z] [INFO] GET /api/v1/customers/types 200 - 5ms 
[2026-05-31T07:26:03.883Z] [INFO] GET /api/v1/customers?page=1 200 - 3ms 
[2026-05-31T07:26:04.606Z] [INFO] GET /api/v1/customers/types 200 - 3ms 
[2026-05-31T07:26:26.130Z] [INFO] POST /api/v1/customers 400 - 63ms 
[2026-05-31T07:28:49.071Z] [INFO] GET /api/v1/customers?page=1 200 - 194ms 
[2026-05-31T07:28:49.634Z] [INFO] GET /api/v1/customers/types 200 - 6ms 
[2026-05-31T07:29:01.050Z] [INFO] POST /api/v1/customers 400 - 2ms 
[2026-05-31T07:29:42.459Z] [INFO] GET /api/v1/customers?page=1 200 - 4ms 
[2026-05-31T07:29:42.904Z] [INFO] GET /api/v1/customers/types 200 - 5ms 
[2026-05-31T07:29:53.950Z] [INFO] Customer created {"customerId":"CUST-00001"}
[2026-05-31T07:29:53.951Z] [INFO] POST /api/v1/customers 201 - 277ms 
[2026-05-31T07:29:53.963Z] [INFO] GET /api/v1/customers?page=1 200 - 4ms 
[2026-05-31T07:30:48.808Z] [INFO] Customer created {"customerId":"CUST-00002"}
[2026-05-31T07:30:48.809Z] [INFO] POST /api/v1/customers 201 - 6ms 
[2026-05-31T07:30:48.854Z] [INFO] GET /api/v1/customers?page=1 200 - 38ms 
[2026-05-31T07:31:28.389Z] [INFO] POST /api/v1/customers 500 - 270ms 
[2026-05-31T07:31:47.533Z] [INFO] Customer created {"customerId":"CUST-00003"}
[2026-05-31T07:31:47.534Z] [INFO] POST /api/v1/customers 201 - 8ms 
[2026-05-31T07:31:47.549Z] [INFO] GET /api/v1/customers?page=1 200 - 5ms 
[2026-05-31T07:34:40.670Z] [INFO] ✅ Database connected successfully 
[2026-05-31T07:34:48.595Z] [INFO] ✅ Database connected successfully 
[2026-05-31T07:35:15.415Z] [INFO] ✅ Database connected successfully 
[2026-05-31T07:35:25.924Z] [INFO] ✅ Database connected successfully 
[2026-05-31T07:37:19.820Z] [INFO] GET /api/v1/customers?page=1 200 - 166ms 
[2026-05-31T07:37:21.617Z] [INFO] GET /api/v1/customers?page=1 200 - 5ms 
[2026-05-31T07:37:22.178Z] [INFO] GET /api/v1/customers/types 200 - 5ms 
[2026-05-31T07:37:31.470Z] [INFO] GET /api/v1/customers/CUST-00003 200 - 13ms 
[2026-05-31T07:37:37.074Z] [INFO] GET /api/v1/products?page=1&limit=10&search= 200 - 11ms 
[2026-05-31T07:37:44.274Z] [INFO] GET /api/v1/products/units 200 - 10ms 
[2026-05-31T07:37:44.276Z] [INFO] GET /api/v1/products/categories 200 - 8ms 
[2026-05-31T07:37:44.299Z] [INFO] GET /api/v1/suppliers?page=1&limit=20 304 - 28ms 
[2026-05-31T07:37:57.580Z] [INFO] GET /api/v1/customers?page=1 200 - 3ms 
[2026-05-31T07:49:00.831Z] [INFO] GET /api/v1/customers?page=1 200 - 73ms 
[2026-05-31T07:49:02.342Z] [INFO] GET /api/v1/products?page=1&limit=10&search= 200 - 9ms 
[2026-05-31T07:49:03.282Z] [INFO] GET /api/v1/products/units 200 - 7ms 
[2026-05-31T07:49:03.284Z] [INFO] GET /api/v1/products/categories 200 - 6ms 
[2026-05-31T07:49:03.336Z] [INFO] GET /api/v1/suppliers?page=1&limit=20 304 - 55ms 
[2026-05-31T07:53:12.176Z] [INFO] ✅ Database connected successfully 
[2026-05-31T07:55:18.691Z] [INFO] ✅ Database connected successfully 
[2026-05-31T07:56:08.137Z] [INFO] GET /api/v1/suppliers?page=1&limit=20 304 - 13ms 
[2026-05-31T07:56:08.168Z] [INFO] GET /api/v1/products/units 200 - 50ms 
[2026-05-31T07:56:08.217Z] [INFO] GET /api/v1/products?page=1&limit=10&search= 200 - 107ms 
[2026-05-31T07:56:08.220Z] [INFO] GET /api/v1/products/categories 200 - 99ms 
[2026-05-31T08:01:57.033Z] [INFO] GET /api/v1/products/categories 200 - 91ms 
[2026-05-31T08:01:57.172Z] [INFO] GET /api/v1/suppliers?page=1&limit=20 304 - 226ms 
[2026-05-31T08:01:57.183Z] [INFO] GET /api/v1/products/units 200 - 244ms 
[2026-05-31T08:01:57.185Z] [INFO] GET /api/v1/products?page=1&limit=10&search= 200 - 251ms 
[2026-05-31T08:02:59.377Z] [INFO] GET /api/v1/products?page=1&limit=10&search= 200 - 8ms 
[2026-05-31T08:02:59.865Z] [INFO] GET /api/v1/products/units 200 - 8ms 
[2026-05-31T08:02:59.869Z] [INFO] GET /api/v1/products/categories 200 - 9ms 
[2026-05-31T08:02:59.874Z] [INFO] GET /api/v1/suppliers?page=1&limit=20 304 - 11ms 
[2026-05-31T08:03:59.422Z] [INFO] Inventory row auto-created {"productId":"4ed7d533-856e-40d0-940c-f2875a79a38e"}
[2026-05-31T08:03:59.423Z] [INFO] Product created {"productId":"4ed7d533-856e-40d0-940c-f2875a79a38e"}
[2026-05-31T08:03:59.426Z] [INFO] POST /api/v1/products 201 - 353ms 
[2026-05-31T08:03:59.500Z] [INFO] GET /api/v1/products?page=1&limit=10&search= 200 - 67ms 
[2026-05-31T08:04:49.394Z] [INFO] GET /api/v1/products?page=1&limit=10&search= 200 - 5ms 
[2026-05-31T08:04:49.875Z] [INFO] GET /api/v1/products/units 200 - 6ms 
[2026-05-31T08:04:49.876Z] [INFO] GET /api/v1/products/categories 200 - 4ms 
[2026-05-31T08:04:49.880Z] [INFO] GET /api/v1/suppliers?page=1&limit=20 304 - 6ms 
[2026-05-31T08:04:55.368Z] [INFO] GET /api/v1/products/4ed7d533-856e-40d0-940c-f2875a79a38e 200 - 9ms 
[2026-05-31T08:04:56.742Z] [INFO] GET /api/v1/orders?page=1&limit=10 200 - 21ms 
[2026-05-31T08:04:57.741Z] [INFO] GET /api/v1/customers 200 - 50ms 
[2026-05-31T08:04:57.771Z] [INFO] GET /api/v1/products 200 - 76ms 
[2026-05-31T08:05:27.043Z] [INFO] POST /api/v1/orders 400 - 34ms 
[2026-05-31T08:07:13.315Z] [INFO] ✅ Database connected successfully 
[2026-05-31T08:08:03.492Z] [INFO] ✅ Database connected successfully 
[2026-05-31T08:08:04.567Z] [INFO] ✅ Database connected successfully 
[2026-05-31T08:10:24.584Z] [INFO] GET /api/v1/orders?page=1&limit=10 200 - 69ms 
[2026-05-31T08:10:24.609Z] [INFO] GET /api/v1/customers 200 - 85ms 
[2026-05-31T08:10:24.696Z] [INFO] GET /api/v1/products 200 - 168ms 
[2026-05-31T08:10:29.918Z] [INFO] GET /api/v1/customers?page=1 200 - 17ms 
[2026-05-31T08:10:31.389Z] [INFO] GET /api/v1/customers/types 200 - 5ms 
[2026-05-31T08:10:37.752Z] [INFO] GET /api/v1/products?page=1&limit=10&search= 200 - 14ms 
[2026-05-31T08:10:38.845Z] [INFO] GET /api/v1/products/categories 200 - 5ms 
[2026-05-31T08:10:38.847Z] [INFO] GET /api/v1/products/units 200 - 9ms 
[2026-05-31T08:10:38.853Z] [INFO] GET /api/v1/suppliers?page=1&limit=20 304 - 11ms 
[2026-05-31T08:10:41.662Z] [INFO] GET /api/v1/customers/CUST-00003 200 - 13ms 
[2026-05-31T08:10:49.117Z] [INFO] GET /api/v1/customers?page=1 200 - 7ms 
[2026-05-31T08:15:14.048Z] [INFO] GET /api/v1/customers/CUST-00001 200 - 15ms 
[2026-05-31T08:15:42.419Z] [INFO] GET /api/v1/customers?page=1 200 - 220ms 
[2026-05-31T08:15:44.482Z] [INFO] GET /api/v1/products?page=1&limit=10&search= 200 - 16ms 
[2026-05-31T08:15:46.085Z] [INFO] GET /api/v1/products/4ed7d533-856e-40d0-940c-f2875a79a38e 200 - 11ms 
[2026-05-31T08:15:48.138Z] [INFO] GET /api/v1/customers/types 200 - 7ms 
[2026-05-31T08:16:22.249Z] [INFO] POST /api/v1/customers 400 - 10ms 
[2026-05-31T08:19:38.442Z] [INFO] ✅ Database connected successfully 
[2026-05-31T08:19:41.531Z] [INFO] GET /api/v1/customers?page=1 200 - 65ms 
[2026-05-31T08:19:42.124Z] [INFO] GET /api/v1/customers/types 200 - 8ms 
[2026-05-31T08:20:07.377Z] [INFO] POST /api/v1/customers 400 - 10ms 
[2026-05-31T08:21:09.479Z] [INFO] GET /api/v1/customers?page=1 200 - 6ms 
[2026-05-31T08:21:11.592Z] [INFO] GET /api/v1/customers/types 200 - 6ms 
[2026-05-31T08:21:42.460Z] [INFO] Customer created {"customerId":"610e5494-ca14-480b-bb60-a4eee95406ff"}
[2026-05-31T08:21:42.462Z] [INFO] POST /api/v1/customers 201 - 102ms 
[2026-05-31T08:21:42.475Z] [INFO] GET /api/v1/customers?page=1 200 - 4ms 
[2026-05-31T08:22:18.265Z] [INFO] POST /api/v1/customers 400 - 3ms 
[2026-05-31T08:22:26.843Z] [INFO] POST /api/v1/customers 500 - 919ms 
[2026-05-31T08:22:42.894Z] [INFO] Customer created {"customerId":"ddf6459d-6eda-4138-a427-7d41b5b8222f"}
[2026-05-31T08:22:42.896Z] [INFO] POST /api/v1/customers 201 - 10ms 
[2026-05-31T08:22:42.908Z] [INFO] GET /api/v1/customers?page=1 200 - 5ms 
[2026-05-31T08:23:35.492Z] [INFO] POST /api/v1/customers 500 - 8ms 
[2026-05-31T08:25:28.269Z] [INFO] POST /api/v1/customers 500 - 52ms 
[2026-05-31T08:25:31.638Z] [INFO] GET /api/v1/customers?page=1 200 - 147ms 
[2026-05-31T08:25:32.125Z] [INFO] GET /api/v1/customers/types 200 - 8ms 
[2026-05-31T08:25:46.721Z] [INFO] POST /api/v1/customers 500 - 9ms 
[2026-05-31T08:27:49.398Z] [INFO] GET /api/v1/customers?page=1 200 - 4ms 
[2026-05-31T08:27:50.253Z] [INFO] GET /api/v1/customers/types 200 - 3ms 
[2026-05-31T08:28:02.903Z] [INFO] POST /api/v1/customers 500 - 8ms 
[2026-06-01T16:26:29.972Z] [INFO] ✅ Database connected successfully 
[2026-06-01T16:28:06.168Z] [INFO] GET /api/v1/reports/sales 401 - 22ms 
[2026-06-01T16:28:18.028Z] [INFO] POST /api/v1/auth/login 200 - 715ms 
[2026-06-01T16:28:18.156Z] [INFO] GET /api/v1/reports/sales 200 - 78ms 
[2026-06-01T16:28:20.656Z] [INFO] GET /api/v1/customers?page=1 200 - 169ms 
[2026-06-01T16:28:21.927Z] [INFO] GET /api/v1/customers/ddf6459d-6eda-4138-a427-7d41b5b8222f 200 - 96ms 
[2026-06-01T16:28:24.778Z] [INFO] GET /api/v1/orders?page=1&limit=10 200 - 4ms 
[2026-06-01T16:28:25.433Z] [INFO] GET /api/v1/products?page=1&limit=10&search= 200 - 36ms 
[2026-06-01T16:31:07.830Z] [INFO] GET /api/v1/products/4ed7d533-856e-40d0-940c-f2875a79a38e 200 - 29ms 
[2026-06-01T16:31:14.739Z] [INFO] GET /api/v1/inventory/alerts/low-stock 200 - 10ms 
[2026-06-01T16:31:14.745Z] [INFO] GET /api/v1/inventory/movements 200 - 11ms 
[2026-06-01T16:31:14.747Z] [INFO] GET /api/v1/inventory 200 - 16ms 
[2026-06-01T16:31:38.444Z] [INFO] GET /api/v1/reports/sales 200 - 5ms 
[2026-06-01T16:31:38.447Z] [INFO] GET /api/v1/reports/inventory 200 - 6ms 
[2026-06-01T16:31:38.543Z] [INFO] GET /api/v1/reports/kpis 200 - 107ms 
[2026-06-01T16:31:40.048Z] [INFO] GET /api/v1/suppliers?page=1&limit=20 304 - 7ms 
[2026-06-01T16:31:41.774Z] [INFO] GET /api/v1/suppliers/e2a15425-e2b4-47db-be56-32284222d935 200 - 2ms 
[2026-06-01T16:46:55.286Z] [INFO] GET /api/v1/suppliers?page=1&limit=20 304 - 195ms 
[2026-06-01T16:47:00.243Z] [INFO] GET /api/v1/suppliers/e2a15425-e2b4-47db-be56-32284222d935 304 - 15ms 
[2026-06-01T16:47:03.635Z] [INFO] GET /api/v1/products?page=1&limit=10&search= 200 - 175ms 
[2026-06-01T16:47:05.564Z] [INFO] GET /api/v1/inventory/movements 200 - 10ms 
[2026-06-01T16:47:05.567Z] [INFO] GET /api/v1/inventory 200 - 15ms 
[2026-06-01T16:47:05.740Z] [INFO] GET /api/v1/inventory/alerts/low-stock 200 - 184ms 
[2026-06-01T16:47:09.824Z] [INFO] GET /api/v1/customers?page=1 200 - 12ms 
[2026-06-01T16:49:13.094Z] [INFO] POST /api/v1/suppliers 201 - 92ms 
[2026-06-01T16:49:13.123Z] [INFO] GET /api/v1/suppliers?page=1&limit=20 200 - 2ms 
[2026-06-01T16:49:15.438Z] [INFO] GET /api/v1/suppliers/557f8d95-be83-4673-87ba-dd66261511db 200 - 1ms 
[2026-06-01T16:49:52.636Z] [INFO] GET /api/v1/orders?page=1&limit=10 200 - 263ms 
[2026-06-01T16:49:53.299Z] [INFO] GET /api/v1/customers 200 - 8ms 
[2026-06-01T16:49:53.305Z] [INFO] GET /api/v1/products 200 - 12ms 
[2026-06-01T16:50:03.647Z] [INFO] Order created {"orderId":"d00985a4-2c49-4fb0-8c7f-0fb4cc02db7c"}
[2026-06-01T16:50:03.648Z] [INFO] POST /api/v1/orders 201 - 777ms 
[2026-06-01T16:50:03.665Z] [INFO] GET /api/v1/orders?page=1&limit=10 200 - 10ms 
[2026-06-01T16:50:05.321Z] [INFO] GET /api/v1/orders/d00985a4-2c49-4fb0-8c7f-0fb4cc02db7c 200 - 314ms 
[2026-06-01T16:50:11.544Z] [INFO] POST /api/v1/orders/d00985a4-2c49-4fb0-8c7f-0fb4cc02db7c/confirm 400 - 590ms 
[2026-06-01T16:50:21.851Z] [INFO] GET /api/v1/reports/sales 200 - 142ms 
[2026-06-01T16:50:21.852Z] [INFO] GET /api/v1/reports/inventory 200 - 6ms 
[2026-06-01T16:50:21.860Z] [INFO] GET /api/v1/reports/kpis 200 - 12ms 
[2026-06-01T16:50:25.022Z] [INFO] GET /api/v1/inventory 200 - 31ms 
[2026-06-01T16:50:25.023Z] [INFO] GET /api/v1/pricing/price-lists 200 - 138ms 
[2026-06-01T16:50:25.025Z] [INFO] GET /api/v1/pricing/history 200 - 43ms 
[2026-06-01T16:50:25.026Z] [INFO] GET /api/v1/inventory/movements 200 - 34ms 
[2026-06-01T16:50:25.028Z] [INFO] GET /api/v1/inventory/alerts/low-stock 200 - 8ms 
[2026-06-01T16:50:51.858Z] [INFO] GET /api/v1/products/4ed7d533-856e-40d0-940c-f2875a79a38e 200 - 6ms 
[2026-06-01T16:53:19.710Z] [INFO] GET /api/v1/products?page=1&limit=10&search= 200 - 111ms 
[2026-06-02T17:20:19.609Z] [INFO] ✅ Database connected successfully 
[2026-06-02T17:22:24.098Z] [INFO] GET /api/v1/reports/sales 401 - 43ms 
[2026-06-02T17:24:26.979Z] [INFO] POST /api/v1/auth/login 200 - 2040ms 
[2026-06-02T17:24:27.079Z] [INFO] GET /api/v1/reports/sales 200 - 22ms 
[2026-06-02T17:24:41.124Z] [INFO] GET /api/v1/customers?page=1 200 - 241ms 
[2026-06-02T17:24:42.317Z] [INFO] GET /api/v1/products?page=1&limit=10&search= 200 - 25ms 
[2026-06-02T17:24:44.197Z] [INFO] GET /api/v1/products/4ed7d533-856e-40d0-940c-f2875a79a38e 200 - 18ms 
[2026-06-02T17:25:00.712Z] [INFO] GET /api/v1/products?page=1&limit=10&search= 200 - 7ms 
[2026-06-02T17:25:17.580Z] [INFO] GET /api/v1/products/4ed7d533-856e-40d0-940c-f2875a79a38e 200 - 6ms 
[2026-06-02T17:29:56.341Z] [INFO] ✅ Database connected successfully 
[2026-06-02T17:32:37.130Z] [INFO] GET /api/v1/products/4ed7d533-856e-40d0-940c-f2875a79a38e 200 - 102ms 
[2026-06-02T17:32:37.194Z] [INFO] GET /api/v1/products?page=1&limit=10&search= 200 - 178ms 
[2026-06-03T17:05:53.659Z] [INFO] ✅ Database connected successfully 
[2026-06-03T17:06:17.043Z] [INFO] GET /api/v1/reports/sales 200 - 1186ms 
[2026-06-03T17:06:21.110Z] [INFO] GET /api/v1/inventory/movements 200 - 148ms 
[2026-06-03T17:06:21.356Z] [INFO] GET /api/v1/inventory/alerts/low-stock 200 - 392ms 
[2026-06-03T17:06:21.357Z] [INFO] GET /api/v1/inventory 200 - 398ms 
[2026-06-03T17:14:14.212Z] [INFO] GET /api/v1/orders?page=1&limit=10 200 - 217ms 
[2026-06-03T17:14:14.765Z] [INFO] GET /api/v1/products?page=1&limit=10&search= 200 - 19ms 
[2026-06-03T17:14:15.603Z] [INFO] GET /api/v1/customers?page=1 200 - 14ms 
[2026-06-03T17:19:44.247Z] [INFO] GET /api/v1/customers?page=1 200 - 276ms 
[2026-06-03T17:27:52.937Z] [INFO] GET /api/v1/customers?page=1 401 - 99ms 
[2026-06-03T17:27:55.190Z] [INFO] POST /api/v1/auth/login 200 - 394ms 
[2026-06-03T17:27:55.283Z] [INFO] GET /api/v1/reports/sales 200 - 12ms 
[2026-06-03T17:27:56.251Z] [INFO] GET /api/v1/orders?page=1&limit=10 200 - 51ms 
[2026-06-03T17:27:56.925Z] [INFO] GET /api/v1/customers 200 - 9ms 
[2026-06-03T17:27:56.991Z] [INFO] GET /api/v1/products 200 - 73ms 
[2026-06-03T17:34:04.316Z] [INFO] ✅ Database connected successfully 
[2026-06-03T17:34:10.030Z] [INFO] ✅ Database connected successfully 
[2026-06-03T17:34:15.151Z] [INFO] ✅ Database connected successfully 
[2026-06-03T17:38:04.476Z] [INFO] ✅ Database connected successfully 
[2026-06-03T17:38:21.620Z] [INFO] ✅ Database connected successfully 
[2026-06-03T17:42:03.106Z] [INFO] ✅ Database connected successfully 
[2026-06-03T17:52:08.726Z] [INFO] ✅ Database connected successfully 
[2026-06-03T17:53:24.532Z] [INFO] GET /api/v1/reports/sales 200 - 872ms 
[2026-06-03T17:53:47.175Z] [INFO] GET /api/v1/pricing/price-lists 200 - 314ms 
[2026-06-03T17:53:47.186Z] [INFO] GET /api/v1/pricing/history 200 - 322ms 
[2026-06-03T17:53:47.905Z] [INFO] GET /api/v1/orders?page=1&limit=10 200 - 339ms 
[2026-06-03T17:53:49.560Z] [INFO] GET /api/v1/orders/d00985a4-2c49-4fb0-8c7f-0fb4cc02db7c 200 - 473ms 
[2026-06-03T17:53:53.974Z] [INFO] GET /api/v1/products?page=1&limit=10&search= 200 - 266ms 
[2026-06-03T17:53:54.553Z] [INFO] GET /api/v1/products/4ed7d533-856e-40d0-940c-f2875a79a38e 200 - 16ms 
[2026-06-03T17:53:57.924Z] [INFO] GET /api/v1/inventory 200 - 12ms 
[2026-06-03T17:53:57.933Z] [INFO] GET /api/v1/inventory/movements 200 - 23ms 
[2026-06-03T17:53:57.970Z] [INFO] GET /api/v1/inventory/alerts/low-stock 200 - 54ms 
[2026-06-03T17:54:03.040Z] [INFO] GET /api/v1/customers?page=1 200 - 14ms 
[2026-06-03T17:54:04.391Z] [INFO] GET /api/v1/customers/ddf6459d-6eda-4138-a427-7d41b5b8222f 200 - 7ms 
[2026-06-03T17:54:15.044Z] [INFO] Order confirmed {"orderId":"d00985a4-2c49-4fb0-8c7f-0fb4cc02db7c"}
[2026-06-03T17:54:15.059Z] [INFO] POST /api/v1/orders/d00985a4-2c49-4fb0-8c7f-0fb4cc02db7c/confirm 200 - 269ms 
[2026-06-03T17:54:26.854Z] [INFO] GET /api/v1/reports/inventory 200 - 5ms 
[2026-06-03T17:54:26.864Z] [INFO] GET /api/v1/reports/sales 200 - 17ms 
[2026-06-03T17:54:26.878Z] [INFO] GET /api/v1/reports/kpis 200 - 33ms 
[2026-06-03T17:54:27.686Z] [INFO] GET /api/v1/suppliers?page=1&limit=20 304 - 6ms 
[2026-06-03T17:54:31.090Z] [INFO] GET /api/v1/inventory 200 - 5ms 
[2026-06-03T17:54:31.096Z] [INFO] GET /api/v1/inventory/movements 200 - 9ms 
[2026-06-03T17:54:32.060Z] [INFO] GET /api/v1/orders?page=1&limit=10 200 - 4ms 
[2026-06-03T17:54:52.444Z] [INFO] POST /api/v1/orders/d00985a4-2c49-4fb0-8c7f-0fb4cc02db7c/confirm 400 - 107ms 
[2026-06-03T17:55:07.745Z] [INFO] GET /api/v1/inventory 200 - 8ms 
[2026-06-03T17:55:07.837Z] [INFO] GET /api/v1/inventory/movements 200 - 99ms 
[2026-06-03T17:55:07.840Z] [INFO] GET /api/v1/inventory/alerts/low-stock 200 - 100ms 
[2026-06-03T17:55:50.867Z] [INFO] GET /api/v1/inventory 200 - 9ms 
[2026-06-03T17:55:50.872Z] [INFO] GET /api/v1/inventory/movements 200 - 12ms 
[2026-06-04T16:37:30.198Z] [INFO] ✅ Database connected successfully 
[2026-06-04T16:40:58.105Z] [INFO] GET /api/v1/reports/sales 200 - 466ms 
[2026-06-04T16:41:13.828Z] [INFO] GET /api/v1/inventory/alerts/low-stock 200 - 11ms 
[2026-06-04T16:41:13.900Z] [INFO] GET /api/v1/inventory 200 - 80ms 
[2026-06-04T16:41:13.903Z] [INFO] GET /api/v1/inventory/movements 200 - 81ms 
[2026-06-04T16:41:46.435Z] [INFO] POST /api/v1/auth/login 401 - 144ms 
[2026-06-04T16:42:21.604Z] [INFO] POST /api/v1/auth/login 401 - 101ms 
[2026-06-04T16:43:11.638Z] [INFO] POST /api/v1/auth/login 200 - 311ms 
[2026-06-04T16:43:11.766Z] [INFO] GET /api/v1/reports/sales 200 - 15ms 
[2026-06-04T16:43:16.651Z] [INFO] GET /api/v1/orders?page=1&limit=10 200 - 29ms 
[2026-06-04T16:43:17.022Z] [INFO] GET /api/v1/products?page=1&limit=10&search= 200 - 30ms 
[2026-06-04T16:43:17.372Z] [INFO] GET /api/v1/customers?page=1 200 - 49ms 
[2026-06-04T16:43:18.958Z] [INFO] GET /api/v1/inventory 200 - 6ms 
[2026-06-04T16:43:18.963Z] [INFO] GET /api/v1/inventory/movements 200 - 9ms 
[2026-06-04T16:43:19.043Z] [INFO] GET /api/v1/inventory/alerts/low-stock 200 - 87ms 
[2026-06-04T16:43:24.255Z] [INFO] GET /api/v1/orders/d00985a4-2c49-4fb0-8c7f-0fb4cc02db7c 200 - 98ms 
[2026-06-04T16:48:51.703Z] [INFO] GET /api/v1/orders/d00985a4-2c49-4fb0-8c7f-0fb4cc02db7c 200 - 89ms 
[2026-06-04T16:49:17.655Z] [INFO] GET /api/v1/orders?page=1&limit=10 200 - 89ms 
[2026-06-04T16:49:18.817Z] [INFO] GET /api/v1/orders/d00985a4-2c49-4fb0-8c7f-0fb4cc02db7c 200 - 12ms 
[2026-06-04T16:49:19.809Z] [INFO] POST /api/v1/orders/d00985a4-2c49-4fb0-8c7f-0fb4cc02db7c/dispatch 403 - 14ms 
[2026-06-04T16:54:01.232Z] [INFO] GET /api/v1/orders?page=1&limit=10 200 - 94ms 
[2026-06-04T16:54:01.970Z] [INFO] GET /api/v1/orders/d00985a4-2c49-4fb0-8c7f-0fb4cc02db7c 200 - 12ms 
[2026-06-04T16:55:17.171Z] [INFO] GET /api/v1/orders?page=1&limit=10 200 - 96ms 
[2026-06-04T16:55:18.316Z] [INFO] GET /api/v1/orders/d00985a4-2c49-4fb0-8c7f-0fb4cc02db7c 200 - 10ms 
[2026-06-04T16:55:38.314Z] [INFO] GET /api/v1/orders?page=1&limit=10 200 - 4ms 
[2026-06-04T16:55:54.513Z] [INFO] GET /api/v1/orders?page=1&limit=10 200 - 4ms 
[2026-06-04T16:55:55.325Z] [INFO] GET /api/v1/orders/d00985a4-2c49-4fb0-8c7f-0fb4cc02db7c 200 - 10ms 
[2026-06-04T16:55:56.069Z] [INFO] POST /api/v1/orders/d00985a4-2c49-4fb0-8c7f-0fb4cc02db7c/dispatch 403 - 7ms 
[2026-06-04T16:56:16.845Z] [INFO] GET /api/v1/orders?page=1&limit=10 200 - 10ms 
[2026-06-04T16:56:17.602Z] [INFO] GET /api/v1/orders/d00985a4-2c49-4fb0-8c7f-0fb4cc02db7c 200 - 7ms 
[2026-06-04T16:56:18.435Z] [INFO] POST /api/v1/orders/d00985a4-2c49-4fb0-8c7f-0fb4cc02db7c/dispatch 403 - 3ms 
[2026-06-04T16:56:43.363Z] [INFO] POST /api/v1/auth/login 200 - 87ms 
[2026-06-04T16:56:43.521Z] [INFO] GET /api/v1/reports/sales 200 - 3ms 
[2026-06-04T16:56:48.053Z] [INFO] Order dispatched {"orderId":"d00985a4-2c49-4fb0-8c7f-0fb4cc02db7c"}
[2026-06-04T16:56:48.066Z] [INFO] POST /api/v1/orders/d00985a4-2c49-4fb0-8c7f-0fb4cc02db7c/dispatch 200 - 441ms 
[2026-06-04T16:57:00.032Z] [INFO] GET /api/v1/products?page=1&limit=10&search= 200 - 91ms 
[2026-06-04T16:57:00.629Z] [INFO] GET /api/v1/orders?page=1&limit=10 200 - 50ms 
[2026-06-04T16:57:01.173Z] [INFO] GET /api/v1/inventory 200 - 5ms 
[2026-06-04T16:57:01.176Z] [INFO] GET /api/v1/inventory/alerts/low-stock 200 - 5ms 
[2026-06-04T16:57:01.195Z] [INFO] GET /api/v1/inventory/movements 200 - 26ms 
[2026-06-04T16:57:04.205Z] [INFO] GET /api/v1/pricing/history 200 - 51ms 
[2026-06-04T16:57:04.208Z] [INFO] GET /api/v1/pricing/price-lists 200 - 79ms 
[2026-06-04T16:57:04.850Z] [INFO] GET /api/v1/reports/sales 200 - 8ms 
[2026-06-04T16:57:04.855Z] [INFO] GET /api/v1/reports/inventory 200 - 7ms 
[2026-06-04T16:57:04.889Z] [INFO] GET /api/v1/reports/kpis 200 - 45ms 
[2026-06-04T16:57:33.483Z] [INFO] GET /api/v1/suppliers?page=1&limit=20 304 - 120ms 
[2026-06-04T16:58:01.503Z] [INFO] GET /api/v1/inventory 200 - 5ms 
[2026-06-04T16:58:01.504Z] [INFO] GET /api/v1/inventory/movements 200 - 5ms 
[2026-06-04T16:58:01.506Z] [INFO] GET /api/v1/inventory/alerts/low-stock 200 - 6ms 
[2026-06-04T16:58:53.173Z] [INFO] POST /api/v1/orders/d00985a4-2c49-4fb0-8c7f-0fb4cc02db7c/dispatch 400 - 100ms 
[2026-06-04T16:59:20.456Z] [INFO] GET /api/v1/customers?page=1 200 - 150ms 
[2026-06-04T17:25:02.879Z] [INFO] GET /api/v1/reports/sales 401 - 20ms 
[2026-06-04T17:25:12.912Z] [INFO] POST /api/v1/auth/login 200 - 156ms 
[2026-06-04T17:25:13.222Z] [INFO] GET /api/v1/reports/sales 200 - 199ms 
[2026-06-04T17:25:16.616Z] [INFO] GET /api/v1/orders?page=1&limit=10 200 - 61ms 
[2026-06-04T17:25:17.979Z] [INFO] GET /api/v1/orders/d00985a4-2c49-4fb0-8c7f-0fb4cc02db7c 200 - 11ms 
[2026-06-04T17:25:36.773Z] [INFO] POST /api/v1/auth/login 200 - 107ms 
[2026-06-04T17:28:07.395Z] [INFO] ✅ Database connected successfully 
[2026-06-05T15:23:50.733Z] [INFO] ✅ Database connected successfully 
[2026-06-05T15:33:42.767Z] [INFO] GET /api/v1/reports/sales 200 - 711ms 
[2026-06-05T15:33:43.682Z] [INFO] GET /api/v1/inventory/movements 200 - 94ms 
[2026-06-05T15:33:43.685Z] [INFO] GET /api/v1/inventory 200 - 100ms 
[2026-06-05T15:33:43.782Z] [INFO] GET /api/v1/inventory/alerts/low-stock 200 - 190ms 
[2026-06-05T15:33:44.051Z] [INFO] GET /api/v1/pricing/history 200 - 14ms 
[2026-06-05T15:33:44.056Z] [INFO] GET /api/v1/pricing/price-lists 200 - 22ms 
[2026-06-05T15:33:44.428Z] [INFO] GET /api/v1/reports/sales 200 - 14ms 
[2026-06-05T15:33:44.430Z] [INFO] GET /api/v1/reports/inventory 200 - 9ms 
[2026-06-05T15:33:44.850Z] [INFO] GET /api/v1/reports/kpis 200 - 432ms 
[2026-06-05T15:33:45.002Z] [INFO] GET /api/v1/suppliers?page=1&limit=20 304 - 89ms 
[2026-06-05T17:15:52.062Z] [INFO] GET /api/v1/reports/sales 200 - 547ms 
[2026-06-05T17:20:47.485Z] [INFO] GET /api/v1/reports/sales 200 - 43ms 
[2026-06-05T17:27:47.559Z] [INFO] POST /api/v1/auth/login 200 - 695ms 
[2026-06-05T17:27:47.666Z] [INFO] GET /api/v1/reports/sales 200 - 14ms 
[2026-06-05T17:27:49.238Z] [INFO] GET /api/v1/customers?page=1 200 - 78ms 
[2026-06-05T17:28:27.334Z] [INFO] GET /api/v1/orders?page=1&limit=10 200 - 89ms 
[2026-06-05T17:29:52.891Z] [INFO] GET /api/v1/orders?page=1&limit=10 200 - 3ms 
[2026-06-05T17:29:58.686Z] [INFO] GET /api/v1/customers?page=1 200 - 3ms 
[2026-06-05T17:29:59.357Z] [INFO] GET /api/v1/reports/sales 200 - 5ms 
[2026-06-05T17:30:04.786Z] [INFO] GET /api/v1/orders?page=1&limit=10 200 - 7ms 
[2026-06-05T17:30:05.854Z] [INFO] GET /api/v1/orders?page=1&limit=10 200 - 6ms 
[2026-06-05T17:30:07.022Z] [INFO] GET /api/v1/customers?page=1 200 - 21ms 
[2026-06-05T17:30:07.917Z] [INFO] GET /api/v1/reports/sales 200 - 9ms 
[2026-06-05T17:30:12.188Z] [INFO] GET /api/v1/customers/types 200 - 3ms 
[2026-06-05T17:30:16.634Z] [INFO] GET /api/v1/customers 200 - 18ms 
[2026-06-05T17:30:16.688Z] [INFO] GET /api/v1/products 200 - 70ms 
[2026-06-05T17:31:02.935Z] [INFO] GET /api/v1/reports/sales 200 - 4ms 
[2026-06-05T17:31:24.673Z] [INFO] GET /api/v1/customers?page=1 200 - 5ms 
[2026-06-05T17:32:34.700Z] [INFO] GET /api/v1/customers?page=1 200 - 4ms 
[2026-06-05T17:33:48.172Z] [INFO] GET /api/v1/customers?page=1 200 - 219ms 
[2026-06-05T17:33:48.890Z] [INFO] GET /api/v1/orders?page=1&limit=10 200 - 8ms 
[2026-06-05T17:34:38.430Z] [INFO] GET /api/v1/customers?page=1 200 - 6ms 
[2026-06-05T17:34:40.015Z] [INFO] GET /api/v1/reports/sales 200 - 87ms 
[2026-06-05T17:34:40.328Z] [INFO] GET /api/v1/orders?page=1&limit=10 200 - 4ms 
[2026-06-05T17:36:17.652Z] [INFO] GET /api/v1/orders?page=1&limit=10 200 - 5ms 
[2026-06-05T17:36:18.357Z] [INFO] GET /api/v1/reports/sales 200 - 8ms 
[2026-06-05T17:36:19.073Z] [INFO] GET /api/v1/customers?page=1 200 - 6ms 
[2026-06-05T17:38:15.200Z] [INFO] GET /api/v1/reports/sales 200 - 9ms 
[2026-06-05T17:38:17.229Z] [INFO] GET /api/v1/customers?page=1 200 - 5ms 
[2026-06-05T17:38:18.020Z] [INFO] GET /api/v1/orders?page=1&limit=10 200 - 4ms 
[2026-06-05T17:40:16.181Z] [INFO] GET /api/v1/reports/sales 200 - 76ms 
[2026-06-05T17:52:18.179Z] [INFO] GET /api/v1/reports/sales 200 - 80ms 
[2026-06-05T17:52:24.604Z] [INFO] GET /api/v1/customers?page=1 200 - 75ms 
[2026-06-05T17:52:29.394Z] [INFO] GET /api/v1/reports/sales 200 - 13ms 
[2026-06-05T17:52:32.522Z] [INFO] GET /api/v1/orders?page=1&limit=10 200 - 26ms 
[2026-06-05T17:52:50.497Z] [INFO] GET /api/v1/reports/sales 200 - 14ms 
[2026-06-05T17:52:51.575Z] [INFO] GET /api/v1/products?page=1&limit=10&search= 200 - 22ms 
[2026-06-05T17:52:53.193Z] [INFO] GET /api/v1/inventory 200 - 105ms 
[2026-06-05T17:52:53.221Z] [INFO] GET /api/v1/inventory/movements 200 - 51ms 
[2026-06-05T17:52:53.222Z] [INFO] GET /api/v1/inventory/alerts/low-stock 200 - 33ms 
[2026-06-05T17:52:55.404Z] [INFO] GET /api/v1/suppliers?page=1&limit=20 304 - 106ms 
[2026-06-05T17:53:10.119Z] [INFO] GET /api/v1/customers?page=1 200 - 6ms 
[2026-06-05T17:53:11.093Z] [INFO] GET /api/v1/orders?page=1&limit=10 200 - 4ms 
[2026-06-05T17:53:19.930Z] [INFO] POST /api/v1/auth/login 401 - 502ms 
[2026-06-05T17:53:29.959Z] [INFO] POST /api/v1/auth/login 401 - 65ms 
[2026-06-05T17:58:29.293Z] [INFO] POST /api/v1/auth/login 200 - 339ms 
[2026-06-05T17:58:29.503Z] [INFO] GET /api/v1/reports/sales 200 - 39ms 
[2026-06-05T17:58:32.456Z] [INFO] GET /api/v1/products?page=1&limit=10&search= 200 - 184ms 
[2026-06-05T17:58:33.391Z] [INFO] GET /api/v1/inventory 200 - 10ms 
[2026-06-05T17:58:33.394Z] [INFO] GET /api/v1/inventory/movements 200 - 11ms 
[2026-06-05T17:58:33.469Z] [INFO] GET /api/v1/inventory/alerts/low-stock 200 - 85ms 
[2026-06-05T17:58:50.408Z] [INFO] GET /api/v1/inventory 200 - 5ms 
[2026-06-05T17:58:50.410Z] [INFO] GET /api/v1/inventory/movements 200 - 5ms 
[2026-06-05T17:58:50.413Z] [INFO] GET /api/v1/inventory/alerts/low-stock 200 - 7ms 
[2026-06-05T17:59:27.401Z] [INFO] GET /api/v1/inventory 200 - 3ms 
[2026-06-05T17:59:27.405Z] [INFO] GET /api/v1/inventory/movements 200 - 6ms 
[2026-06-05T18:00:33.623Z] [INFO] GET /api/v1/reports/sales 200 - 10ms 
[2026-06-05T18:00:35.174Z] [INFO] GET /api/v1/reports/sales 200 - 4ms 
[2026-06-05T18:00:37.558Z] [INFO] GET /api/v1/customers?page=1 200 - 10ms 
[2026-06-05T18:00:37.990Z] [INFO] GET /api/v1/orders?page=1&limit=10 200 - 3ms 
[2026-06-05T18:00:39.339Z] [INFO] GET /api/v1/orders?page=1&limit=10 200 - 4ms 
[2026-06-05T18:00:41.841Z] [INFO] GET /api/v1/reports/sales 200 - 6ms 
[2026-06-05T18:02:31.020Z] [INFO] GET /api/v1/reports/sales 200 - 4ms 
[2026-06-05T18:02:31.654Z] [INFO] GET /api/v1/customers?page=1 200 - 2ms 
[2026-06-05T18:03:19.663Z] [INFO] GET /api/v1/reports/sales 200 - 4ms 
[2026-06-05T18:03:22.485Z] [INFO] GET /api/v1/reports/sales 200 - 3ms 
[2026-06-05T18:03:32.822Z] [INFO] GET /api/v1/reports/sales 200 - 3ms 
[2026-06-05T18:03:47.372Z] [INFO] POST /api/v1/auth/login 200 - 237ms 
[2026-06-05T18:04:04.421Z] [INFO] GET /api/v1/reports/sales 200 - 10ms 
[2026-06-05T18:05:57.936Z] [INFO] GET /api/v1/reports/sales 200 - 4ms 
[2026-06-05T18:05:59.648Z] [INFO] GET /api/v1/reports/sales 200 - 4ms 
[2026-06-05T18:06:01.541Z] [INFO] GET /api/v1/customers?page=1 200 - 87ms 
[2026-06-05T18:06:02.701Z] [INFO] GET /api/v1/orders?page=1&limit=10 200 - 5ms 
[2026-06-05T18:06:35.991Z] [INFO] POST /api/v1/auth/login 200 - 71ms 
[2026-06-05T18:08:04.473Z] [INFO] GET /api/v1/reports/sales 200 - 9ms 
[2026-06-05T18:08:05.394Z] [INFO] GET /api/v1/orders?page=1&limit=10 200 - 5ms 
[2026-06-05T18:08:06.070Z] [INFO] GET /api/v1/customers?page=1 200 - 5ms 
[2026-06-05T18:08:10.347Z] [INFO] GET /api/v1/reports/sales 200 - 5ms 
[2026-06-05T18:08:11.481Z] [INFO] GET /api/v1/customers?page=1 200 - 3ms 
[2026-06-05T18:08:44.959Z] [INFO] GET /api/v1/reports/sales 200 - 4ms 
[2026-06-05T18:08:46.047Z] [INFO] GET /api/v1/customers?page=1 200 - 3ms 
[2026-06-05T18:08:46.789Z] [INFO] GET /api/v1/orders?page=1&limit=10 200 - 3ms 
[2026-06-05T18:08:51.470Z] [INFO] GET /api/v1/reports/sales 200 - 4ms 
[2026-06-05T18:08:52.605Z] [INFO] GET /api/v1/orders?page=1&limit=10 200 - 59ms 
[2026-06-05T18:08:53.119Z] [INFO] GET /api/v1/customers?page=1 200 - 6ms 
[2026-06-05T18:09:12.585Z] [INFO] GET /api/v1/reports/sales 200 - 11ms 
[2026-06-05T18:14:03.146Z] [INFO] ✅ Database connected successfully 
[2026-06-05T18:14:28.557Z] [INFO] ✅ Database connected successfully 
[2026-06-05T18:14:36.271Z] [INFO] ✅ Database connected successfully 
[2026-06-05T18:14:45.352Z] [INFO] ✅ Database connected successfully 
[2026-06-05T18:15:13.823Z] [INFO] GET /api/v1/reports/sales 200 - 27ms 
[2026-06-05T18:15:15.140Z] [INFO] GET /api/v1/reports/sales 200 - 5ms 
[2026-06-05T18:16:24.636Z] [INFO] POST /api/v1/auth/login 200 - 73ms 
[2026-06-05T18:16:42.444Z] [INFO] GET /api/v1/orders?page=1&limit=10 200 - 158ms 
[2026-06-05T18:16:43.240Z] [INFO] GET /api/v1/customers?page=1 200 - 10ms 
[2026-06-05T18:16:43.983Z] [INFO] GET /api/v1/products?page=1&limit=10&search= 200 - 14ms 
[2026-06-05T18:16:46.671Z] [INFO] GET /api/v1/inventory 200 - 11ms 
[2026-06-05T18:16:46.674Z] [INFO] GET /api/v1/inventory/movements 200 - 11ms 
[2026-06-05T18:16:46.725Z] [INFO] GET /api/v1/inventory/alerts/low-stock 200 - 59ms 
[2026-06-05T18:16:48.218Z] [INFO] GET /api/v1/suppliers?page=1&limit=20 304 - 7ms 
[2026-06-05T18:17:05.042Z] [INFO] POST /api/v1/auth/login 200 - 73ms 
[2026-06-05T18:18:37.540Z] [INFO] GET /api/v1/reports/sales 200 - 9ms 
[2026-06-05T18:18:57.034Z] [INFO] GET /api/v1/reports/sales 200 - 5ms 
[2026-06-05T18:19:00.457Z] [INFO] GET /api/v1/reports/sales 200 - 4ms 
[2026-06-05T18:20:00.329Z] [INFO] GET /api/v1/reports/sales 200 - 3ms 
[2026-06-05T18:20:30.532Z] [INFO] GET /api/v1/reports/sales 200 - 5ms 
[2026-06-05T18:20:31.787Z] [INFO] GET /api/v1/customers?page=1 200 - 233ms 
[2026-06-05T18:20:32.060Z] [INFO] GET /api/v1/orders?page=1&limit=10 200 - 6ms 
[2026-06-05T18:20:32.946Z] [INFO] GET /api/v1/pricing/price-lists 200 - 7ms 
[2026-06-05T18:20:32.979Z] [INFO] GET /api/v1/pricing/history 200 - 41ms 
[2026-06-05T18:20:33.797Z] [INFO] GET /api/v1/inventory/movements 200 - 7ms 
[2026-06-05T18:20:33.799Z] [INFO] GET /api/v1/inventory/alerts/low-stock 200 - 7ms 
[2026-06-05T18:20:33.801Z] [INFO] GET /api/v1/inventory 200 - 12ms 
[2026-06-05T18:20:34.878Z] [INFO] GET /api/v1/products?page=1&limit=10&search= 200 - 3ms 
[2026-06-05T18:21:14.139Z] [INFO] GET /api/v1/products?page=1&limit=10&search= 200 - 9ms 
[2026-06-05T18:21:15.403Z] [INFO] GET /api/v1/reports/sales 200 - 8ms 
[2026-06-05T18:21:15.816Z] [INFO] GET /api/v1/customers?page=1 200 - 5ms 
[2026-06-05T18:21:16.244Z] [INFO] GET /api/v1/orders?page=1&limit=10 200 - 4ms 
[2026-06-05T18:21:17.093Z] [INFO] GET /api/v1/pricing/price-lists 200 - 6ms 
[2026-06-05T18:21:17.095Z] [INFO] GET /api/v1/pricing/history 200 - 7ms 
[2026-06-05T18:21:17.947Z] [INFO] GET /api/v1/inventory 200 - 5ms 
[2026-06-05T18:21:17.949Z] [INFO] GET /api/v1/inventory/alerts/low-stock 200 - 4ms 
[2026-06-05T18:21:17.952Z] [INFO] GET /api/v1/inventory/movements 200 - 8ms 
[2026-06-05T18:22:21.946Z] [INFO] GET /api/v1/reports/sales 200 - 70ms 
[2026-06-05T18:22:23.085Z] [INFO] GET /api/v1/pricing/history 200 - 5ms 
[2026-06-05T18:22:23.088Z] [INFO] GET /api/v1/pricing/price-lists 200 - 10ms 
[2026-06-05T18:22:25.897Z] [INFO] GET /api/v1/orders?page=1&limit=10 200 - 4ms 
[2026-06-05T18:22:27.739Z] [INFO] GET /api/v1/orders?page=1&limit=10 200 - 7ms 
[2026-06-05T18:24:22.012Z] [INFO] GET /api/v1/orders?page=1&limit=10 200 - 4ms 
[2026-06-05T18:24:22.973Z] [INFO] GET /api/v1/customers?page=1 200 - 5ms 
[2026-06-05T18:24:23.525Z] [INFO] GET /api/v1/reports/sales 200 - 4ms 
[2026-06-05T18:24:24.666Z] [INFO] GET /api/v1/pricing/price-lists 200 - 3ms 
[2026-06-05T18:24:24.667Z] [INFO] GET /api/v1/pricing/history 200 - 3ms 
[2026-06-05T18:26:48.027Z] [INFO] GET /api/v1/reports/sales 200 - 67ms 
[2026-06-05T18:26:55.202Z] [INFO] GET /api/v1/pricing/price-lists 200 - 5ms 
[2026-06-05T18:26:55.203Z] [INFO] GET /api/v1/pricing/history 200 - 5ms 
[2026-06-05T18:27:27.582Z] [INFO] GET /api/v1/customers?page=1 200 - 45ms 
[2026-06-05T18:31:32.484Z] [INFO] POST /api/v1/auth/login 200 - 161ms 
[2026-06-05T18:31:34.071Z] [INFO] GET /api/v1/orders?page=1&limit=10 200 - 11ms 
[2026-06-05T18:31:35.933Z] [INFO] GET /api/v1/inventory 200 - 10ms 
[2026-06-05T18:31:35.934Z] [INFO] GET /api/v1/inventory/movements 200 - 13ms 
[2026-06-05T18:31:35.988Z] [INFO] GET /api/v1/inventory/alerts/low-stock 200 - 62ms 
[2026-06-05T18:31:46.349Z] [INFO] POST /api/v1/auth/login 401 - 110ms 
[2026-06-05T18:31:58.449Z] [INFO] POST /api/v1/auth/login 200 - 67ms 
[2026-06-05T18:31:58.582Z] [INFO] GET /api/v1/reports/sales 200 - 10ms 
[2026-06-05T18:33:52.442Z] [INFO] GET /api/v1/customers?page=1 200 - 169ms 
[2026-06-05T18:33:52.939Z] [INFO] GET /api/v1/orders?page=1&limit=10 200 - 7ms 
[2026-06-05T18:33:54.608Z] [INFO] GET /api/v1/orders/d00985a4-2c49-4fb0-8c7f-0fb4cc02db7c 200 - 115ms 
[2026-06-05T18:33:57.232Z] [INFO] GET /api/v1/orders?page=1&limit=10&status=DISPATCHED 200 - 7ms 
[2026-06-05T18:33:58.513Z] [INFO] GET /api/v1/orders?page=1&limit=10&status=DRAFT 200 - 3ms 
[2026-06-05T18:34:04.304Z] [INFO] POST /api/v1/orders/d00985a4-2c49-4fb0-8c7f-0fb4cc02db7c/deliver 403 - 18ms 
[2026-06-05T18:34:06.208Z] [INFO] POST /api/v1/orders/d00985a4-2c49-4fb0-8c7f-0fb4cc02db7c/deliver 403 - 4ms 
[2026-06-05T18:34:06.823Z] [INFO] POST /api/v1/orders/d00985a4-2c49-4fb0-8c7f-0fb4cc02db7c/deliver 403 - 3ms 
[2026-06-05T18:34:10.376Z] [INFO] POST /api/v1/orders/d00985a4-2c49-4fb0-8c7f-0fb4cc02db7c/deliver 403 - 2ms 
[2026-06-05T18:34:16.499Z] [INFO] GET /api/v1/pricing/price-lists 200 - 6ms 
[2026-06-05T18:34:16.502Z] [INFO] GET /api/v1/pricing/history 200 - 8ms 
[2026-06-05T18:37:32.481Z] [INFO] GET /api/v1/reports/sales 200 - 11ms 
[2026-06-05T18:39:51.151Z] [INFO] GET /api/v1/reports/sales 200 - 150ms 
[2026-06-05T18:39:55.219Z] [INFO] POST /api/v1/auth/login 200 - 86ms 
[2026-06-05T18:39:57.097Z] [INFO] GET /api/v1/customers?page=1 200 - 178ms 
[2026-06-05T18:39:58.365Z] [INFO] GET /api/v1/products?page=1&limit=10&search= 200 - 24ms 
[2026-06-05T18:39:59.693Z] [INFO] GET /api/v1/inventory 200 - 11ms 
[2026-06-05T18:39:59.696Z] [INFO] GET /api/v1/inventory/movements 200 - 12ms 
[2026-06-05T18:39:59.738Z] [INFO] GET /api/v1/inventory/alerts/low-stock 200 - 52ms 
[2026-06-05T18:40:30.077Z] [INFO] GET /api/v1/inventory 200 - 7ms 
[2026-06-05T18:40:30.081Z] [INFO] GET /api/v1/inventory/movements 200 - 8ms 
[2026-06-05T18:40:34.272Z] [INFO] POST /api/v1/auth/login 200 - 70ms 
[2026-06-05T18:40:40.189Z] [INFO] POST /api/v1/auth/login 200 - 69ms 
[2026-06-05T18:40:40.310Z] [INFO] GET /api/v1/reports/sales 200 - 16ms 
[2026-06-06T03:28:16.825Z] [INFO] ✅ Database connected successfully 
[2026-06-06T03:52:30.752Z] [INFO] GET /api/v1/reports/sales 200 - 2193ms 
[2026-06-06T03:52:30.937Z] [INFO] GET /api/v1/orders?page=1&limit=10 200 - 170ms 
[2026-06-06T03:52:31.816Z] [INFO] GET /api/v1/customers?page=1 200 - 377ms 
[2026-06-06T03:52:35.478Z] [INFO] POST /api/v1/auth/login 200 - 326ms 
[2026-06-06T03:57:46.182Z] [INFO] GET /api/v1/reports/sales 200 - 159ms 
[2026-06-06T03:57:54.177Z] [INFO] POST /api/v1/auth/login 200 - 72ms 
[2026-06-06T04:04:20.437Z] [INFO] GET /api/v1/reports/sales 200 - 68ms 
[2026-06-06T04:05:21.707Z] [INFO] GET /api/v1/reports/sales 200 - 23ms 
[2026-06-06T04:05:23.267Z] [INFO] GET /api/v1/inventory/alerts/low-stock 200 - 231ms 
[2026-06-06T04:05:23.268Z] [INFO] GET /api/v1/inventory 200 - 236ms 
[2026-06-06T04:05:23.292Z] [INFO] GET /api/v1/inventory/movements 200 - 258ms 
[2026-06-06T04:05:23.971Z] [INFO] GET /api/v1/products?page=1&limit=10&search= 200 - 34ms 
[2026-06-06T04:05:25.919Z] [INFO] GET /api/v1/products?page=1&limit=10&search= 200 - 10ms 
[2026-06-06T04:05:35.301Z] [INFO] POST /api/v1/auth/login 200 - 71ms 
[2026-06-06T04:05:35.389Z] [INFO] GET /api/v1/reports/sales 200 - 4ms 
[2026-06-06T04:05:43.959Z] [INFO] GET /api/v1/orders?page=1&limit=10 200 - 12ms 
[2026-06-06T04:05:44.463Z] [INFO] GET /api/v1/customers?page=1 200 - 15ms 
[2026-06-06T04:05:45.657Z] [INFO] GET /api/v1/pricing/history 200 - 53ms 
[2026-06-06T04:05:45.669Z] [INFO] GET /api/v1/pricing/price-lists 200 - 63ms 
[2026-06-06T04:06:00.533Z] [INFO] GET /api/v1/reports/sales 200 - 4ms 
[2026-06-06T04:06:01.602Z] [INFO] GET /api/v1/customers?page=1 200 - 5ms 
[2026-06-06T04:06:02.137Z] [INFO] GET /api/v1/orders?page=1&limit=10 200 - 4ms 
[2026-06-06T04:08:37.810Z] [INFO] GET /api/v1/reports/sales 200 - 4ms 
[2026-06-06T04:08:39.581Z] [INFO] GET /api/v1/orders?page=1&limit=10 200 - 5ms 
[2026-06-06T04:08:40.278Z] [INFO] GET /api/v1/customers?page=1 200 - 4ms 
[2026-06-06T04:09:00.685Z] [INFO] GET /api/v1/orders?page=1&limit=10 200 - 4ms 
[2026-06-06T04:09:03.373Z] [INFO] GET /api/v1/reports/sales 200 - 3ms 
[2026-06-06T04:09:11.596Z] [INFO] POST /api/v1/auth/login 200 - 62ms 
[2026-06-06T04:09:12.654Z] [INFO] GET /api/v1/inventory 200 - 6ms 
[2026-06-06T04:09:12.656Z] [INFO] GET /api/v1/inventory/alerts/low-stock 200 - 6ms 
[2026-06-06T04:09:12.660Z] [INFO] GET /api/v1/inventory/movements 200 - 8ms 
[2026-06-06T04:09:13.085Z] [INFO] GET /api/v1/products?page=1&limit=10&search= 200 - 4ms 
[2026-06-06T04:11:10.170Z] [INFO] GET /api/v1/customers?page=1 200 - 153ms 
[2026-06-06T04:11:11.554Z] [INFO] GET /api/v1/customers?page=1 200 - 3ms 
[2026-06-06T04:11:12.086Z] [INFO] GET /api/v1/reports/sales 200 - 12ms 
[2026-06-06T04:11:12.909Z] [INFO] GET /api/v1/pricing/price-lists 200 - 5ms 
[2026-06-06T04:11:12.910Z] [INFO] GET /api/v1/pricing/history 200 - 5ms 
[2026-06-06T04:11:14.864Z] [INFO] GET /api/v1/reports/sales 200 - 13ms 
[2026-06-06T04:11:14.889Z] [INFO] GET /api/v1/reports/kpis 200 - 36ms 
[2026-06-06T04:11:15.016Z] [INFO] GET /api/v1/reports/inventory 200 - 160ms 
[2026-06-06T04:11:16.205Z] [INFO] GET /api/v1/inventory 200 - 6ms 
[2026-06-06T04:11:16.207Z] [INFO] GET /api/v1/inventory/alerts/low-stock 200 - 5ms 
[2026-06-06T04:11:16.212Z] [INFO] GET /api/v1/inventory/movements 200 - 11ms 
[2026-06-06T04:11:30.748Z] [INFO] POST /api/v1/auth/login 200 - 71ms 
[2026-06-06T04:11:34.622Z] [INFO] GET /api/v1/orders?page=1&limit=10 200 - 15ms 
[2026-06-06T04:11:48.828Z] [INFO] GET /api/v1/reports/sales 200 - 4ms 
[2026-06-06T04:12:20.675Z] [INFO] GET /api/v1/reports/sales 200 - 3ms 
[2026-06-06T04:12:21.542Z] [INFO] GET /api/v1/pricing/price-lists 200 - 5ms 
[2026-06-06T04:12:21.543Z] [INFO] GET /api/v1/pricing/history 200 - 5ms 
[2026-06-06T04:12:33.311Z] [INFO] GET /api/v1/reports/sales 200 - 4ms 
[2026-06-06T04:12:45.906Z] [INFO] GET /api/v1/reports/sales 200 - 3ms 
[2026-06-06T04:12:46.890Z] [INFO] GET /api/v1/pricing/price-lists 200 - 2ms 
[2026-06-06T04:12:46.891Z] [INFO] GET /api/v1/pricing/history 200 - 2ms 
[2026-06-06T04:12:47.765Z] [INFO] GET /api/v1/orders?page=1&limit=10 200 - 3ms 
[2026-06-06T04:12:48.095Z] [INFO] GET /api/v1/customers?page=1 200 - 2ms 
[2026-06-06T04:29:39.571Z] [INFO] GET /api/v1/reports/sales 200 - 86ms 
[2026-06-06T04:29:44.729Z] [INFO] GET /api/v1/reports/sales 200 - 3ms 
[2026-06-06T04:38:07.733Z] [INFO] GET /api/v1/reports/sales 200 - 68ms 
[2026-06-06T04:38:15.797Z] [INFO] GET /api/v1/pricing/history 200 - 5ms 
[2026-06-06T04:38:15.973Z] [INFO] GET /api/v1/pricing/price-lists 200 - 180ms 
[2026-06-06T04:38:16.292Z] [INFO] GET /api/v1/orders?page=1&limit=10 200 - 7ms 
[2026-06-06T04:38:16.639Z] [INFO] GET /api/v1/customers?page=1 200 - 46ms 
[2026-06-06T04:38:18.841Z] [INFO] POST /api/v1/auth/login 200 - 76ms 
[2026-06-06T04:51:06.511Z] [INFO] GET /api/v1/reports/sales 200 - 70ms 
[2026-06-06T04:51:10.530Z] [INFO] GET /api/v1/inventory 200 - 10ms 
[2026-06-06T04:51:10.577Z] [INFO] GET /api/v1/inventory/alerts/low-stock 200 - 53ms 
[2026-06-06T04:51:10.672Z] [INFO] GET /api/v1/inventory/movements 200 - 150ms 
[2026-06-06T04:51:11.172Z] [INFO] GET /api/v1/products?page=1&limit=10&search= 200 - 27ms 
[2026-06-06T04:51:12.008Z] [INFO] GET /api/v1/orders?page=1&limit=10 200 - 16ms 
[2026-06-06T04:51:12.488Z] [INFO] GET /api/v1/customers?page=1 200 - 14ms 
[2026-06-06T04:51:38.158Z] [INFO] POST /api/v1/auth/login 200 - 69ms 
[2026-06-06T04:52:17.252Z] [INFO] GET /api/v1/reports/sales 200 - 6ms 
